id,ID2,Einrichtung,Trager,Anzeigen,Typ,Schlagworte,Zielgruppe,Beratungsmoglichkeiten,Prio,Sprachen,Barrierefreiheit,Kategorie,Uber_uns,Strasse,Hausnummer,Zusatz,PLZ,Bezirk,Stadtteil,Telefonnummer,EMail,Website,c24_h_7_Tage,Montag,Dienstag,Mittwoch,Donnerstag,Freitag,Samstag,Sonntag,Art_der_Anmeldung,Weitere_Offnungszeiten,lat,long,Ready
5,180,[U25] Online Suizidprävention - Reines Onlineangebot,Caritas für das Erzbistum Berlin,1,Online,"[""L"",3,5,20]",Kinder & Jugendliche,,Hoch,Deutsch,"Rollstuhlgerechter Zugang, Rollstuhlgerechte Einrichtung",IGPP Handlungsfeld Besondere Bedarfslagen,"Kostenfreie und anonyme Mailberatung für Jugendliche bis 25 Jahre, die verzweifelt sind und Suizidgedanken haben. Beratung nur online!",,,,,,,keine,u25@caritas-berlin.de,https://www.u25-berlin.de,ja,24 Stunden geöffnet,24 Stunden geöffnet,24 Stunden geöffnet,24 Stunden geöffnet,24 Stunden geöffnet,24 Stunden geöffnet,24 Stunden geöffnet,Bitte Termin vereinbaren: Online,,,,true
6,252,"Abteilung für Kinder- und Jugendpsychiatrie, Psychotherapie und Psychosomatik",DRK Westend,1,Klinik,"[""L"",1,3,5,6,2,4,10,11,7,9,12,8,15,16,14,20]",Kinder & Jugendliche,,Niedrig,"Deutsch, Englisch, Französisch, Polnisch, Russisch",Rollstuhlgerechter Zugang,Pflichtversorgende Klinik,"Regionaler Versorger der Kinder- und Jugendpsychiatrie für die Bezirke Charlottenburg, Wilmersdorf und Spandau",Spandauer Damm,130,,14050,Charlottenburg-Wilmersdorf,Westend,030 30354515,kinder-jugendpsychiatrie@drk-kliniken-berlin.de,https://www.drk-kliniken-berlin.de/kinder-jugendpsychiatrie-westend,nein,08:00 - 16:00,08:00 - 16:00,08:00 - 16:00,08:00 - 16:00,08:00 - 16:00,Geschlossen,Geschlossen,"Termine können vereinbart werden: vor Ort, telefonisch, per Mail",Im Notfall Rettungsstelle 24 Stunden geöffnet.,52.51928,13.27615,true
7,431,Alexianer Krankenhaus Hedwigshöhe,Alexianer St. Hedwig Kliniken Berlin GmbH,1,Klinik,"[""L"",1,3,5,6,2,4,10,11,7,9,12,8,15,16,14]",,,Niedrig,"Deutsch, Englisch",Rollstuhlgerechter Zugang,Pflichtversorgende Klinik,"Wir behandeln Erwachsene mit Abhängigkeit und Missbrauch von Alkohol, Medikamenten und illegalen Drogen. Außerdem versorgen wir Patienten mit Abhängigkeitserkrankungen und weiteren psychischen Erkrankungen (Doppeldiagnosen), wie zum Beispiel Schizophrenien oder Depression.",Höhensteig,1,,12526,Treptow-Köpenick,Bohnsdorf,030 67413500,psychiatrie-khh@alexianer.de,https://www.alexianer-berlin-hedwigkliniken.de/krankenhaus-hedwigshoehe/leistungen/kliniken/psychiatrie-psychotherapie-und-psychosomatik/leistungsangebote/abhaengigkeitserkrankungen-und-doppeldiagnosen,ja,24 Stunden geöffnet,24 Stunden geöffnet,24 Stunden geöffnet,24 Stunden geöffnet,24 Stunden geöffnet,24 Stunden geöffnet,24 Stunden geöffnet,"Termine können vereinbart werden: vor Ort, telefonisch",,52.4059,13.56928,true
8,407,Alkohol- und Medikamentenberatung Charlottenburg,vista gGmbH,1,Beratung,"[""L"",7,12,25]",Angehörige,,Mittel,"Deutsch, Englisch, Russisch, Türkisch, Weitere Sprachen, Ukrainisch",Rollstuhlgerechter Zugang,Alkohol- und Medikamentenberatungsstelle,"Information und Beratung: Wirkung und Risiken von psychoaktiven Substanzen, Wege zu mehr Konsumkompetenz (Programme wie Kontrolliertes Trinken und Rauchfrei), Angebote der Selbsthilfe und Gruppen, Entzugsmöglichkeiten und Therapieformen, Angebote für Angehörige.
Vermittlung in weiterführende Angebote, ambulante Therapie und Nachsorge.",Kaiser-Friedrich-Straße,81,,10585,Charlottenburg-Wilmersdorf,Charlottenburg,030 34800948,charlottenburg@vistaberlin.de,https://vistaberlin.de/einrichtungen/alkohol-und-medikamentenberatung-charlottenburg/,nein,10:00 - 16:00,10:00 - 16:00,10:00 - 16:00,10:00 - 16:00,10:00 - 14:00,Geschlossen,Geschlossen,"Termine können vereinbart werden: vor Ort, telefonisch, per Mail",,52.51235,13.30165,true
9,135,Alkohol- und Medikamentenberatungsstelle Tempelhof-Schöneberg,Drogennotdienst Berlin gGmbH,1,Beratung,"[""L"",7,9,12,8,25,20]","Angehörige, Kinder & Jugendliche",,Mittel,"Deutsch, Englisch, Weitere Sprachen mit Sprachmittlung","Rollstuhlgerechter Zugang, Rollstuhlgerechte Einrichtung",Alkohol- und Medikamentenberatungsstelle,"Wir sind die regionale Anlaufstelle für Menschen aus Tempelhof-Schöneberg, die mit Alkohol, Medikamenten oder illegalisierten Substanzen Probleme haben. Wir beraten Betroffene, Angehörige sowie Jugendliche und deren Eltern. Unser Angebot umfasst Einzelgespräche und Gruppenangebote, Vermittlung in weiterführende Hilfen, Hilfe in Krisensituationen, Aufsuchende Arbeit in Einrichtungen für Geflüchtete. Unsere Beratung ist kostenlos und anonym.",Tempelhofer Damm,129,2. Etage,12099,Tempelhof-Schöneberg,Tempelhof,030 233 240 260,amb@notdienstberlin.de,https://drogennotdienst.de/angebote/beratung-und-reha/alkohol-und-medikamentenberatungsstelle/,nein,13:00 - 17:00,09:00 - 16:00,09:00 - 17:00,10:00 - 18:00,Geschlossen,Geschlossen,Geschlossen,"Bitte Termin vereinbaren: vor Ort, telefonisch, per Mail","Sprechstunden ohne Termin: (für Betroffene und Angehörige, sowie Jugendliche und Eltern)
Mo 15:00 - 17:00 Uhr
Di 10:00 - 12:00 Uhr
Mi 15:00 - 17:00 Uhr
Do 16:00 - 18:00 Uhr

Öffnungszeit Freitag: nach Vereinbarung",52.46801,13.386,true
10,255,Alzheimer Gesellschaft Berlin e.V. Selbsthilfe Demenz,Alzheimer Gesellschaft Berlin e.V. Selbsthilfe Demenz,1,Beratung,"[""L"",3,6,12,23]",,,Mittel,"Deutsch, Englisch, Holländisch",Rollstuhlgerechter Zugang,IGPP Handlungsfeld Besondere Bedarfslagen,"Die Alzheimer Gesellschaft Berlin e.V. berät und informiert Menschen mit Demenz, deren An- und Zugehörige sowie Fachleute rund um das Thema Demenz, z. B. über das Krankheitsbild Demenz, Diagnostik und Therapie, den Umgang mit dem/der Erkrankten, Möglichkeiten der Entlastung, Hilfsangebote und die Bewältigung von Belastungs- und Notsituationen.",Friedrichstraße,236,3. OG,10969,Friedrichshain-Kreuzberg,Kreuzberg,030 89094357,info@alzheimer-berlin.de,https://www.alzheimer-berlin.de,nein,18:00 - 20:00,Geschlossen,Geschlossen,Geschlossen,Geschlossen,Geschlossen,Geschlossen,"Bitte Termin vereinbaren: telefonisch, per Mail",Persönliche Beratungsgespräche nach vorheriger Terminabsprache.,52.50222,13.39102,true
11,198,Amal Projekt,Wuhletal Psychosoziales Zentrum gGmbH,1,Beratung,"[""L"",7,9,16,23,22]",Migration & Flucht,,Mittel,"Deutsch, Arabisch, Englisch, Russisch, Dari und Persisch",Rollstuhlgerechter Zugang,Kontakt- und Beratungsstelle,"Beratung und Hilfe für geflüchtete Menschen, die psychosoziale Probleme haben.
Wir beraten kostenlos, sprechen mehrere Sprachen und kommen zu Ihnen, wenn Sie es wünschen.
Wir hören zu, suchen nach weiteren Hilfen, erklären, was es an Hilfen gibt. Wir machen notwendige Termine aus und begleiten bei Bedarf. Wir sind Ansprechpartner bei Krisen und bieten Aktivitäten an.",Alt Marzahn,56,,12685,Marzahn-Hellersdorf,Marzahn,030 54708505,amal@wuhletal.de,https://www.wuhletal.de,nein,08:00 - 16:00,08:00 - 16:00,08:00 - 16:00,08:00 - 16:00,08:00 - 16:00,Geschlossen,Geschlossen,"Bitte Termin vereinbaren: vor Ort, telefonisch, per Mail",,52.54282,13.56139,true
12,Sen106,Ängste und Depression - selbstfürsorglich & achtsam,Selbsthilfekontaktstelle Marzahn-Hellersdorf,1,Selbsthilfe,"[""L"",1,3]",,,Mittel,Deutsch,"Rollstuhlgerechter Zugang, Rollstuhlgerechte Einrichtung",Selbsthilfegruppe,,Alt Marzahn,54,Alkoholfreies-Begegnungs-Centrum ABC,12685,Marzahn-Hellersdorf,,,selbsthilfe@wuhletal.de,,nein,18:00 - 19:30,Geschlossen,Geschlossen,Geschlossen,Geschlossen,Geschlossen,Geschlossen,"Bitte Termin vereinbaren: telefonisch, per Mail",,52.542844572070074,13.561074197430287,true
13,Sen099,Anonyme Alkoholiker,Anonyme Alkoholiker,1,Selbsthilfe,"[""L"",7]",,,Mittel,Deutsch,Keine Angabe,Selbsthilfegruppe,Aufnahme Interessierter: Jederzeit zu den Gruppenzeiten ohne Voranmeldung,Fehmarner Straße,24,Keller,13353,Mitte,Wedding,030 19295,oea-berlin@anonyme-alkoholiker.de,https://www.anonyme-alkoholiker.de/,nein,10:00 - 12:00,Geschlossen,Geschlossen,Geschlossen,Geschlossen,Geschlossen,Geschlossen,"Es ist keine vorherige Anmeldung nötig.: ",offenes Meeting jeden 1. Montag im Monat,52.54106480217181,13.348642799006624,true
14,536,"Arabischsprachige Spezialambulanz ",Charité - Universitätsmedizin Berlin,1,Beratung,"[""L"",1,3,5,14,23,22]",Migration & Flucht,,Mittel,"Deutsch, Arabisch",Rollstuhlgerechte Einrichtung,Klinik mit Beratungsangebot,Die Arabischsprachige Ambulanz an der Klinik und Hochschulambulanz für Psychiatrie und Psychotherapie (Campus Benjamin Franklin) bietet Patientinnen und Patienten aus dem arabischsprachigen Raum muttersprachliche psychosoziale und psychiatrische Behandlungen gegen Erkrankungen aus dem gesamten psychiatrischen Spektrum an.,Hindenburgdamm,30,,12203,Steglitz-Zehlendorf,Steglitz,030 450517666,psych-cbf@charite.de,https://psychiatrie.charite.de/leistungen/ambulanzbereich/arabischsprachige_spezialambulanz/,nein,09:00 - 16:00,09:00 - 16:00,09:00 - 16:00,09:00 - 16:00,09:00 - 16:00,Geschlossen,Geschlossen,"Bitte Termin vereinbaren: telefonisch, per Mail",,52.442188,13.32175,true
15,222,AWO Projekt Sifahane,AWO Berlin Kreisverband Südost e.V.,1,Beratung,"[""L"",16,3]",,,Hoch,"Deutsch, Arabisch","Rollstuhlgerechter Zugang, Rollstuhlgerechte Einrichtung",IGPP Handlungsfeld Besondere Bedarfslagen,"Das AWO-Projekt ""Sifahane"" berät und unterstützt die Klienten/-innen, wenn es um ihre Gesundheit geht oder  sie persönliche
Schwierigkeiten haben. Es setzt sich dafür ein, dass sie gesund bleiben oder gesund werden und dass sie im Fall von Krankheit gut versorgt sind.",Wipperstraße,25,,12055,Neukölln,Neukölln,"030 671289-14, 030 671289-15",sifahane@awo-sueost.de,https://www.awo-suedost.de/beratung-und-hilfe/gesundheit-und-migration-sifahane,nein,09:00 - 15:00,09:00 - 15:00,09:00 - 15:00,09:00 - 15:00,09:00 - 15:00,Geschlossen,Geschlossen,"Bitte Termin vereinbaren: vor Ort, telefonisch, per Mail","Montag, Dienstag, Donnerstag, Freitag mit Termin.
Mittwoch: 10:00 – 12:00 Uhr ohne Termin, 12:00 – 15:00 Uhr mit Termin oder nach mündlicher/telefonischer Vereinbarung.",52.47022,13.44297,true
17,624,"Beratungsstelle für Menschen mit Behinderungen, Krebs und chronischen Erkrankungen",Bezirksamt Tempelhof-Schöneberg,1,Beratung,"[""L"",16]",,,Hoch,"Deutsch, Weitere Sprachen mit Sprachmittlung",Rollstuhlrechter Zugang,Andere Angebote des Bezirksamtes,"Wir beraten erwachsene Personen mit Behinderungen, Krebs oder chronischen Erkrankungen, die in unserem Bezirk leben sowie deren Kontaktpersonen. Wir beraten u.a. bei Fragen zu Schwerbehinderung, Eingliederungshilfe, Pflege, materielle Hilfen und Selbsthilfegruppen. Wir bieten außerdem psychosoziale Beratung an. Es besteht die Möglichkeit von Hausbesuchen.",Rathausstraße,27,,12105,Tempelhof-Schöneberg,Tempelhof,030 9027-77575,sozialeberatung@ba-ts.berlin.de,,nein,08:00 - 16:00,08:00 - 16:00,08:00 - 16:00,08:00 - 16:00,08:00 - 16:00,Geschlossen,Geschlossen,Bitte Termin vereinbaren: telefonisch,Offene Sprechstunde: Dienstags von 09:00 bis 12:00 Uhr.,52.4459825,13.3791107,true
18,93,Beratungsstelle für Suchtkranke Treptow-Köpenick,Johannisches Sozialwerk e. V.,1,Beratung,"[""L"",7,12,25]",Angehörige,,Mittel,"Deutsch, Arabisch",Rollstuhlgerechter Zugang,Alkohol- und Medikamentenberatungsstelle,"Wir beraten Erwachsene, die Probleme im Umgang mit Alkohol und/oder Medikamenten haben. 
Darüberhinaus beraten wir auch deren Angehörige und andere Bezugspersonen.
Die Beratungen sind kostenlos, vertraulich und die Berater*innen unterliegen der Schweigepflicht.
Auf Wunsch kann die Beratung auch anonym bei uns oder telefonisch erfolgen.
Bei Bedarf arbeiten wir mit verschiedenen sozialen und medizinischen Einrichtungen zusammen und vermitteln auch in Therapieeinrichtungen.",Radickestraße,48,3.OG,12489,Treptow-Köpenick,Adlershof,030 89688490,suchtberatung@js-ev.de,https://www.johannisches-sozialwerk.de,nein,09:00 - 17:00,09:00 - 19:00,09:00 - 17:00,09:00 - 18:00,09:00 - 15:00,Geschlossen,Geschlossen,"Bitte Termin vereinbaren: vor Ort, telefonisch, per Mail",,52.4355,13.5476,true
19,183,Berliner Aids-Hilfe e.V.,Berliner Aids-Hilfe e. V.,1,Beratung,"[""L"",3,6,15,16,24,13,25]","Divers, LSBTIQ*, Angehörige",,Mittel,"Deutsch, Bulgarisch, Englisch, Französisch, Polnisch, Rumänisch, Russisch, Dänisch, Schwedisch, Spanisch, Italienisch","Rollstuhlgerechter Zugang, Rollstuhlgerechte Einrichtung",IGPP Handlungsfeld Sexuell übertragbare Infektionen,"Beratungsstelle für HIV-positive Menschen und Alle, Fragen zu HIV, Aids, Hepatitis und andere sexuell übertragbare Erkrankungen haben. Es gibt Testangebote, verschiedene Gruppen, ein Café und Aufklärung durch Veranstaltungen. Viele Angebote werden von Ehrenamtlichen gemacht. Es gibt die Möglichkeit sich selbst in der Aids-Hilfe zu engagieren.",Kurfürstenstraße,130,,10785,Tempelhof-Schöneberg,Schöneberg,030 8856400,info@berlin-aidshilfe.de,https://www.berlin-aidshilfe.de,nein,10:00 - 18:00,10:00 - 20:00,10:00 - 18:00,10:00 - 18:00,10:00 - 18:00,Geschlossen,Geschlossen,"Bitte Termin vereinbaren: vor Ort, telefonisch, per Mail, Online",,52.50214,13.35291,true
20,318,Berliner Krebsgesellschaft e.V.,Berliner Krebsgesellschaft e.V.,1,Beratung,"[""L"",16,25]",Angehörige,,Hoch,"Deutsch, Englisch, Türkisch","Rollstuhlgerechter Zugang, Rollstuhlgerechte Einrichtung",IGPP Handlungsfeld Besondere Bedarfslagen,"Die Berliner Krebsgesellschaft e.V. ist eine Non-Profit-Organisation, die seit über sechzig Jahren zum Wohle von Krebspatient;innen in Berlin tätig ist. Kostenfreie persönliche Beratung, direkte Hilfe und weitreichende Unterstützung von Patient:innen und Angehörigen sind unsere Kernaufgaben. Weitere wichtige Aufgaben sind Aufklärung und Information der Berliner Bevölkerung sowie Förderung der Krebsforschung und der ärztlichen Weiterbildung. Ziel unserer gemeinnützigen Organisation ist es, die Lebensqualität der Betroffenen zu verbessern und ihre Heilungschancen zu erhöhen.
Zu den Schwerpunkten der Beratungsstelle der Berliner Krebsgesellschaft e.V. gehören neben Beratungsangeboten mit sozialer und psychologischer Schwerpunktsetzung, die Familienberatung für Familien mit einem von Krebs betroffenen Elternteil sowie ein spezialisiertes kultursensibles Beratungsangebot in türkischer Sprache. Ein ausführliches Kursprogramm und angeleitete Gesprächsgruppen ergänzen das Angebot. Das Beratungsangebot der Berliner Krebsgesellschaft e.V.  orientiert sich an den „Leitlinien für ambulante psychosoziale Krebsberatungsstellen“ der Deutschen Krebsgesellschaft",Robert-Koch-Platz,7,,10115,Mitte,Mitte,030 2700070,beratung@berliner-krebsgesellschaft.de,https://www.berliner-krebsgesellschaft.de,nein,09:00 - 17:00,09:00 - 17:00,09:00 - 17:00,09:00 - 17:00,09:00 - 17:00,Geschlossen,Geschlossen,"Bitte Termin vereinbaren: vor Ort, telefonisch, per Mail",,52.52775,13.37797,true
21,96,Berliner Krisendienst Charlottenburg-Wilmersdorf,"Albatros gGmbH , Caritasverband für das Erzbistum Berlin e.V. ,  Neuhland Hilfe in Krisen gGmbH , Kontakt- und Begegnungsstätte e.V. (KBS e.V.); Krisen- und Beratungsdienst e.V. (KUB e.V.); Platane 19 gGmbH",1,Beratung,"[""L"",1,3,5,6,2,4,10,11,7,9,12,8,15,16,14]",,,Niedrig,"Deutsch, Englisch, ggf. können Dolmetscher hinzugezogen werden",Rollstuhlgerechter Zugang,Krisendienst,"Der Berliner Krisendienst hilft schnell und qualifiziert bei psychosozialen Krisen bis hin zu akuten psychiatrischen Notsituationen. Kostenlos. 24 Stunden am Tag. Auf Wunsch anonym. Telefonisch, persönlich und in zugespitzten Situationen vor Ort (ggf. mit Ärzt*in in Rufbereitschaft). Onlineberatungen nach Terminvergabe. An 9 Berliner Standorten auch in Ihrer Nähe.",Horstweg,2,,14059,Charlottenburg-Wilmersdorf,Charlottenburg,030 39063-20,info@berliner-krisendienst.de,https://www.berliner-krisendienst.de,nein,16:00 - 00:00,16:00 - 00:00,16:00 - 00:00,16:00 - 00:00,16:00 - 00:00,16:00 - 00:00,16:00 - 00:00,Keine Anmeldung nötig.,"Überregionaler Bereitschaftsdienst aller Regionen. Nachts von 0:00 Uhr bis 8:00 Uhr und an den Wochenenden und Feiertagen von 8:00 bis 16:00 Uhr (in dringenden Fällen Hausbesuche, Ärzt*in in Rufbereitschaft): Große Hamburger Straße 5, 10115 Berlin-Mitte, im Ärztehaus Hedwig, Aufgang 1, EG links. Telefon 030 390 63 10. Werktags von 8 bis 16 Uhr nur telefonische Information und Weitervermittlung – Telefon 030 390 63 10.",52.51186,13.29579,true
22,111,"Berliner Krisendienst Lichtenberg, 
Marzahn-Hellersdorf","Albatros gGmbH , Caritasverband für das Erzbistum Berlin e.V. ,  Neuhland Hilfe in Krisen gGmbH , Kontakt- und Begegnungsstätte e.V. (KBS e.V.); Krisen- und Beratungsdienst e.V. (KUB e.V.); Platane 19 gGmbH",1,Beratung,"[""L"",1,3,5,6,2,4,10,11,7,9,12,8,15,16,14]",,,Niedrig,"Deutsch, Englisch, Polnisch, Russisch, Ukrainisch, Weitere Sprachen mit Sprachmittlung",Rollstuhlgerechter Zugang,Krisendienst,"Der Berliner Krisendienst hilft schnell und qualifiziert bei psychosozialen Krisen bis hin zu akuten psychiatrischen Notsituationen. Kostenlos. 24 Stunden am Tag. Auf Wunsch anonym. Telefonisch, persönlich und in zugespitzten Situationen vor Ort (ggf. mit Ärzt*in in Rufbereitschaft). Onlineberatungen nach Terminvergabe. An 9 Berliner Standorten auch in Ihrer Nähe.",Irenenstraße,21a,,10317,Marzahn-Hellersdorf,Lichtenberg,030 3906370,info@berliner-krisendienst.de,https://www.berliner-krisendienst.de/ich-brauche-hilfe/lichtenberg-marzahn-hellersdorf/,nein,16:00 - 00:00,16:00 - 00:00,16:00 - 00:00,16:00 - 00:00,16:00 - 00:00,16:00 - 00:00,16:00 - 00:00,"Keine Anmeldung nötig. Termine können vereinbart werden: vor Ort, per Mail, telefonisch oder online.","Überregionaler Bereitschaftsdienst aller Regionen. Nachts von 0:00 Uhr bis 8:00 Uhr und an den Wochenenden und Feiertagen von 8:00 bis 16:00 Uhr (in dringenden Fällen Hausbesuche, Ärzt*in in Rufbereitschaft): Große Hamburger Straße 5, 10115 Berlin-Mitte, im Ärztehaus Hedwig, Aufgang 1, EG links. Telefon 030 390 63 10. Werktags von 8 bis 16 Uhr nur telefonische Information und Weitervermittlung – Telefon 030 390 63 10.",52.50942,13.50015,true
23,468,"Berliner Krisendienst Mitte, 
Friedrichshain-Kreuzberg","Albatros gGmbH , Caritasverband für das Erzbistum Berlin e.V. ,  Neuhland Hilfe in Krisen gGmbH , Kontakt- und Begegnungsstätte e.V. (KBS e.V.); Krisen- und Beratungsdienst e.V. (KUB e.V.); Platane 19 gGmbH",1,Beratung,"[""L"",1,3,5,6,2,4,10,11,7,9,12,8,15,16,14]",,,Niedrig,"Deutsch, Englisch, ggf. können Dolmetscher hinzugezogen werden",Rollstuhlgerechter Zugang,Krisendienst,"Der Berliner Krisendienst hilft schnell und qualifiziert bei psychosozialen Krisen bis hin zu akuten psychiatrischen Notsituationen. Kostenlos. 24 Stunden am Tag. Auf Wunsch anonym. Telefonisch, persönlich und in zugespitzten Situationen vor Ort (ggf. mit Ärzt*in in Rufbereitschaft). Onlineberatungen nach Terminvergabe. An 9 Berliner Standorten auch in Ihrer Nähe.",Große Hamburger Straße,5,,10115,Mitte,Mitte,030 3906310,info@berliner-krisendienst.de,https://www.berliner-krisendienst.de/ich-brauche-hilfe/mitte-friedrichshain-kreuzberg/,nein,16:00 - 00:00,16:00 - 00:00,16:00 - 00:00,16:00 - 00:00,16:00 - 00:00,16:00 - 00:00,16:00 - 00:00,Keine Anmeldung nötig.,"Überregionaler Bereitschaftsdienst aller Regionen. Nachts von 0:00 Uhr bis 8:00 Uhr und an den Wochenenden und Feiertagen von 8:00 bis 16:00 Uhr (in dringenden Fällen Hausbesuche, Ärzt*in in Rufbereitschaft): Große Hamburger Straße 5, 10115 Berlin-Mitte, im Ärztehaus Hedwig, Aufgang 1, EG links. Telefon 030 390 63 10. Werktags von 8 bis 16 Uhr nur telefonische Information und Weitervermittlung – Telefon 030 390 63 10.",52.52591,13.3984,true
24,117,Berliner Krisendienst Neukölln,Albatros gGmbH,1,Beratung,"[""L"",1,3,5,6,2,4,10,11,7,9,12,8,15,16,14]",,,Niedrig,"Deutsch, Englisch, ggf. können Dolmetscher hinzugezogen werden",Rollstuhlrechter Zugang,Krisendienst,"Der Berliner Krisendienst hilft schnell und qualifiziert bei psychosozialen Krisen bis hin zu akuten psychiatrischen Notsituationen. Kostenlos. 24 Stunden am Tag. Auf Wunsch anonym. Telefonisch, persönlich und in zugespitzten Situationen vor Ort (ggf. mit Ärzt*in in Rufbereitschaft). Onlineberatungen nach Terminvergabe. An 9 Berliner Standorten auch in Ihrer Nähe.",Karl-Marx-Straße,23,,12043,Friedrichshain-Kreuzberg,Neukölln,030 3906390,info@berliner-krisendienst.de,https://www.berliner-krisendienst.de/ich-brauche-hilfe/neukoelln/,nein,16:00 - 00:00,16:00 - 00:00,16:00 - 00:00,16:00 - 00:00,16:00 - 00:00,16:00 - 00:00,16:00 - 00:00,Keine Anmeldung nötig.,"Überregionaler Bereitschaftsdienst aller Regionen. Nachts von 0:00 Uhr bis 8:00 Uhr und an den Wochenenden und Feiertagen von 8:00 bis 16:00 Uhr (in dringenden Fällen Hausbesuche, Ärzt*in in Rufbereitschaft): Große Hamburger Straße 5, 10115 Berlin-Mitte, im Ärztehaus Hedwig, Aufgang 1, EG links. Telefon 030 390 63 10. Werktags von 8 bis 16 Uhr nur telefonische Information und Weitervermittlung – Telefon 030 390 63 10.",52.48488,13.42801,true
25,105,Berliner Krisendienst Reinickendorf,"Albatros gGmbH , Caritasverband für das Erzbistum Berlin e.V. ,  Neuhland Hilfe in Krisen gGmbH , Kontakt- und Begegnungsstätte e.V. (KBS e.V.); Krisen- und Beratungsdienst e.V. (KUB e.V.); Platane 19 gGmbH",1,Beratung,"[""L"",1,3,5,6,2,4,10,11,7,9,12,8,15,16,14]",,,Niedrig,"Deutsch, Englisch, ggf. können Dolmetscher hinzugezogen werden",Rollstuhlgerechter Zugang,Krisendienst,"Der Berliner Krisendienst hilft schnell und qualifiziert bei psychosozialen Krisen bis hin zu akuten psychiatrischen Notsituationen. Kostenlos. 24 Stunden am Tag. Auf Wunsch anonym. Telefonisch, persönlich und in zugespitzten Situationen vor Ort (ggf. mit Ärzt*in in Rufbereitschaft). Onlineberatungen nach Terminvergabe. An 9 Berliner Standorten auch in Ihrer Nähe.",Berliner Straße,25,,13507,Reinickendorf,Tegel,030 390 6350,info@berliner-krisendienst.de,https://www.berliner-krisendienst.de/ich-brauche-hilfe/reinickendorf/,nein,16:00 - 00:00,16:00 - 00:00,16:00 - 00:00,16:00 - 00:00,16:00 - 00:00,16:00 - 00:00,16:00 - 00:00,Keine Anmeldung nötig.,"Überregionaler Bereitschaftsdienst aller Regionen. Nachts von 0:00 Uhr bis 8:00 Uhr und an den Wochenenden und Feiertagen von 8:00 bis 16:00 Uhr (in dringenden Fällen Hausbesuche, Ärzt*in in Rufbereitschaft): Große Hamburger Straße 5, 10115 Berlin-Mitte, im Ärztehaus Hedwig, Aufgang 1, EG links. Telefon 030 390 63 10. Werktags von 8 bis 16 Uhr nur telefonische Information und Weitervermittlung – Telefon 030 390 63 10.",52.58389,13.28844,true
26,108,"Berliner Krisendienst Steglitz-Zehlendorf, 
Tempelhof-Schöneberg","Albatros gGmbH , Caritasverband für das Erzbistum Berlin e.V. ,  Neuhland Hilfe in Krisen gGmbH , Kontakt- und Begegnungsstätte e.V. (KBS e.V.); Krisen- und Beratungsdienst e.V. (KUB e.V.); Platane 19 gGmbH",1,Beratung,"[""L"",1,3,5,6,2,4,10,11,7,9,12,8,15,16,14]",,,Niedrig,"Deutsch, Englisch, ggf. können Dolmetscher hinzugezogen werden",Keine Angabe,Krisendienst,"Der Berliner Krisendienst hilft schnell und qualifiziert bei psychosozialen Krisen bis hin zu akuten psychiatrischen Notsituationen. Kostenlos. 24 Stunden am Tag. Auf Wunsch anonym. Telefonisch, persönlich und in zugespitzten Situationen vor Ort (ggf. mit Ärzt*in in Rufbereitschaft). Onlineberatungen nach Terminvergabe. An 9 Berliner Standorten auch in Ihrer Nähe.",Schloßstraße,128,,12163,Steglitz-Zehlendorf,Steglitz,030 3906360,info@berliner-krisendienst.de,https://www.berliner-krisendienst.de/ich-brauche-hilfe/steglitz-zehlendorf-tempelhof-schoeneberg/,nein,16:00 - 00:00,16:00 - 00:00,16:00 - 00:00,16:00 - 00:00,16:00 - 00:00,16:00 - 00:00,16:00 - 00:00,Keine Anmeldung nötig.,"Überregionaler Bereitschaftsdienst aller Regionen. Nachts von 0:00 Uhr bis 8:00 Uhr und an den Wochenenden und Feiertagen von 8:00 bis 16:00 Uhr (in dringenden Fällen Hausbesuche, Ärzt*in in Rufbereitschaft): Große Hamburger Straße 5, 10115 Berlin-Mitte, im Ärztehaus Hedwig, Aufgang 1, EG links. Telefon 030 390 63 10. Werktags von 8 bis 16 Uhr nur telefonische Information und Weitervermittlung – Telefon 030 390 63 10.",52.46423,13.32814,true
27,114,Berliner Krisendienst Treptow-Köpenick,"Albatros gGmbH , Caritasverband für das Erzbistum Berlin e.V. ,  Neuhland Hilfe in Krisen gGmbH , Kontakt- und Begegnungsstätte e.V. (KBS e.V.); Krisen- und Beratungsdienst e.V. (KUB e.V.); Platane 19 gGmbH",1,Beratung,"[""L"",1,3,5,6,2,4,10,11,7,9,12,8,15,16,14]",,,Niedrig,"Deutsch, Englisch, ggf. können Dolmetscher hinzugezogen werden",Rollstuhlgerechter Zugang,Krisendienst,"Der Berliner Krisendienst hilft schnell und qualifiziert bei psychosozialen Krisen bis hin zu akuten psychiatrischen Notsituationen. Kostenlos. 24 Stunden am Tag. Auf Wunsch anonym. Telefonisch, persönlich und in zugespitzten Situationen vor Ort (ggf. mit Ärzt*in in Rufbereitschaft). Onlineberatungen nach Terminvergabe. An 9 Berliner Standorten auch in Ihrer Nähe.",Spreestraße,6,,12439,Treptow-Köpenick,Niederschöneweide,030 3906380,info@berliner-krisendienst.de,https://www.berliner-krisendienst.de/ich-brauche-hilfe/treptow-koepenick/,nein,16:00 - 00:00,16:00 - 00:00,16:00 - 00:00,16:00 - 00:00,16:00 - 00:00,16:00 - 00:00,16:00 - 00:00,"Keine Anmeldung nötig. Termine können vereinbart werden: vor Ort, per Mail, telefonisch oder online.","Überregionaler Bereitschaftsdienst aller Regionen. Nachts von 0:00 Uhr bis 8:00 Uhr und an den Wochenenden und Feiertagen von 8:00 bis 16:00 Uhr (in dringenden Fällen Hausbesuche, Ärzt*in in Rufbereitschaft): Große Hamburger Straße 5, 10115 Berlin-Mitte, im Ärztehaus Hedwig, Aufgang 1, EG links. Telefon 030 390 63 10. Werktags von 8 bis 16 Uhr nur telefonische Information und Weitervermittlung – Telefon 030 390 63 10.",52.45751,13.51256,true
28,627,BIG Intervention,BIG e.V.,1,Beratung,"[""L"",23,21,25,24,17,20,13,22]","Senioren, Angehörige, Divers, Frauen, Kinder & Jugendliche, LSBTIQ*, Migration & Flucht",,Hoch,"Arabisch, Deutsch, Englisch, Französisch, Spanisch, Weitere Sprachen mit Sprachmittlung","Gebärdensprechende vor Ort, Rollstuhlrechter Zugang",Andere Kontakt- und Beratungsstellen,"BIG Intervention bietet Personen, die von Häuslicher Gewalt betroffen sind, persönliche und kurzfristige Unterstützung und Begleitung bei den ersten Schritten heraus aus der Gewaltsituation sowie Unterstützungsangebote für mitbetroffene Kinder.",Durlacher Str.,11a,,10715,Charlottenburg-Wilmersdorf,Wilmersdorf,030 6110-301,koordinierung@big-hotline.de,https://www.big-mobil.de/,nein,08:00 - 17:30,08:00 - 17:30,08:00 - 17:30,08:00 - 17:30,08:00 - 17:30,Geschlossen,Geschlossen,"Bitte Termin vereinbaren: telefonisch, per Mail",,52.4797363,13.3336248,true
29,584,Bülow-Eck,Notdienst für Suchtmittelgefährdete und -abhängige Berlin e.V.,1,Beratung,"[""L"",6,9]",,,Mittel,"Deutsch,Englisch, Spanisch, Weitere Sprachen mit Sprachmittlung,Sonstige",Rollstuhlgerechte Einrichtung,IGPP Handlungsfeld Drogen/Sucht,"Essens- und Getränkeangebote (Kaffee, Wasser, Tee, warme Mahlzeit); kostenfreie Dusche: Kleidung waschen und trocknen - Kleiderspende -  Voraussetzungsloser Aufenthalt - Perspektiventwicklung mit Unterstützung durch Sozialarbeit; Zugang zu digitalen Angeboten/ W-Lan",Bülowstraße,106,,10783,Tempelhof-Schöneberg,Schöneberg,0176 15167857,streetwork@notdienstberlin.de,https://www.drogennotdienst.de,nein,11:00 - 17:00,11:00 - 17:00,11:00 - 17:00,11:00 - 17:00,11:00 - 17:00,Geschlossen,Geschlossen,Keine Anmeldung nötig.,,52.49960534,13.3551492,true
30,440,Caritas Jugend- und Suchtberatung,Caritasverband für das Erzbistum Berlin e.V.,1,Beratung,"[""L"",7,9,12,8,25,20]","Angehörige, Kinder & Jugendliche",,Mittel,"Deutsch, Arabisch, Englisch, Kurdisch, Türkisch","Rollstuhlgerechter Zugang, Rollstuhlgerechte Einrichtung",IGPP Handlungsfeld Drogen/Sucht,"Angebot für Jugendliche, erwachsene Suchtmittelkonsumierende, suchtkranke Eltern, deren Kinder und Angehörige und Personen, die beruflich mit Suchtmittelkonsumierenden in Berührung kommen. Wir bieten Informationen, Beratung, Begleitung, Unterstützung in Krisen; Beratung, in Krankenhäusern und Justizvollzugsanstalten; Vermittlung z. B. in Entgiftung, Therapie, Selbsthilfe; Angebote für junge Konsumierende von Cannabis und Alkohol; Spritzentausch",Hasenmark,3,,13585,Spandau,Spandau,030 66633630,sucht-spandau@caritas-berlin.de,https://www.caritas-berlin.de,nein,10:00 - 17:00,10:00 - 17:00,13:00 - 16:00,10:00 - 18:00,10:00 - 15:00,Geschlossen,Geschlossen,"Termine können vereinbart werden: vor Ort, telefonisch, per Mail","Offene Sprechstunde: Donnerstags 16:00 - 18:00 Uhr , es ist keine Terminvereinbarung nötig",52.54121,13.19867,true
31,396,Checkpoint BLN,Schwulenberatung Berlin,1,Beratung,"[""L"",3,6,23,24,13,25]","Divers, LSBTIQ*, Angehörige",,Mittel,"Deutsch, Arabisch, Englisch, Russisch, Weitere Sprachen mit Sprachmittlung",Rollstuhlgerechter Zugang,Kontakt-und Beratungsstelle,"Die TIN*-Antigewaltberatung der Schwulenberatung Berlin bietet Beratung für trans*, inter* und nicht-binäre Menschen an, die Gewalt erleben oder erlebt haben. Das kann psychische, körperliche, sexualisierte Gewalt, Gewalt im Internet oder tin*feindliche Hassgewalt sein.  Es wird ein mobiles Beratungsangebot für tin* Sexarbeiter*innen geben. Auch An- und Zugehörige von Betroffenen und Zeug*innen von tin*feindlicher Hassgewalt werden beraten.",Hermannstraße,256-258,3. Stock (mit Fahrstuhl),12049,Neukölln,Neukölln,030 446688114,info@schwulenberatungberlin.de,https://schwulenberatungberlin.de/angebote/tin-antigewaltberatung/,nein,14:00 - 20:00,14:00 - 20:00,14:00 - 20:00,14:00 - 20:00,14:00 - 18:00,Geschlossen,Geschlossen,"Termine können vereinbart werden: vor Ort, telefonisch, per Mail",,52.485707,13.42445356,true
32,503,Deck24 Glücksspielberatung,Stiftung SPI Sozialpädagogisches Institut Berlin »Walter May«,1,Beratung,"[""L"",10]",,,Hoch,"Deutsch, Englisch, Italienisch",Rollstuhlgerechter Zugang,Kontakt- und Beratungsstelle,"Sie spielen, wetten, zocken? Online oder analog? Oder alles davon? Wir bieten ein Gespräch dazu - ergebnisoffen, kostenfrei und auf Wunsch anonym. Sie kennen und wertschätzen eine Person, die glücksspielt und das belastet Sie? Wir bieten auch Einzelgespräche und Gruppenveranstaltungen für Angehörige. Alle Einzelgespräche können vor Ort, per Video oder Telefon stattfinden, auch außerhalb unserer Öffnungszeiten.",John-Schehr-Straße,24,,10407,Pankow,Prenzlauer Berg,030 42023023,deck24@stiftung-spi.de,https://deck24-berlin.de/,nein,10:00 - 16:00,12:00 - 18:00,10:00 - 15:00,14:00 - 18:00,Geschlossen,Geschlossen,Geschlossen,"Bitte Termin vereinbaren: vor Ort, telefonisch, per Mail, Online",Offene Sprechstunde: Donnerstag 16:00 bis 17.00 Uhr,52.536150415690436,13.43719947,true
33,Sen007,Department für Seelische Gesundheit,Vivantes Netzwerk für Gesundheit GmbH Humboldt-Klinikum / Am Nordgraben,1,Klinik,"[""L"",1,3,5,6,2,4,10,11,7,9,12,8,15,16,14]",,,Niedrig,Deutsch,Keine Angabe,Pflichtversorgende Klinik,Die Klinik versorgt im Bezirk Reinickendorf psychisch kranke und suchtkranke Menschen mit besonders schweren Erkrankungen oder in akuten Notfällen. In allen Berliner Bezirken gibt es an mindestens einem Krankenhaus eine Fachabteilung für Psychiatrie oder ein psychiatrisches Fachkrankenhaus.,Am Nordgraben,2,EG Station 01,13509,Reinickendorf,Wittenau,"030 13012-2100, 030 13012-1060",department-seelischegesundheit.huk@vivantes.de,https://www.vivantes.de/humboldt-klinikum/seelische-gesundheit,ja,24 Stunden geöffnet,24 Stunden geöffnet,24 Stunden geöffnet,24 Stunden geöffnet,24 Stunden geöffnet,24 Stunden geöffnet,24 Stunden geöffnet,"Termine können vereinbart werden: telefonisch, per Mail",,52.58982542307742,13.309370828835837,true
34,581,der blaue laden,Albatros gGmbH,1,Beratung,"[""L"",1,3,5,6,2]",,,Mittel,"Deutsch,Englisch,Russisch",Keine Angabe,Kontakt- und Beratungsstelle,"Wir sind eine unabhängige und neutrale Kontakt- und Beratungsstelle im Stadtbezirk Lichtenberg. Das Angebot der KBS Lichtenberg richtet sich an psychisch erkrankte bzw. psychiatrieerfahrene Menschen, Menschen mit seelischen Beeinträchtigungen, sowie deren Angehörige, Freunde und Menschen, die sich einsam fühlen und Lust haben Kontakte zu knüpfen. Kostenlos, unbürokratisch, niedrigschwellig, ohne lange Wartezeiten und auf Wunsch anonym.",Hagenstraße,5,,10365,Lichtenberg,Lichtenberg,030 5578686,kbs.liberg@albatrosggmbh.de,https://www.albatrosggmbh.de/beratungsstellen/kontakt-und-beratungsstellen/lichtenberg/beschreibung.html,nein,10:00 - 16:00,13:00 - 18:00,10:00 - 18:00,10:00 - 18:00,Geschlossen,13:00 - 18:00,14:00 - 18:00,"Termine können vereinbart werden: vor Ort, telefonisch, per Mail, Online","Termine nach Vereinbarung. Wir sind nicht immer persönlich erreichbar, weil wir in Gruppen, Gesprächen oder bereits im Telefonat sind. Bitte eine Nachricht auf dem AB hinterlassen und wir rufen, sobald es uns möglich ist, zurück.",52.51314707,13.49969783,true
35,177,dick & dünn: angelique hentschel,dick & dünn: angelique hentschel,1,Beratung,"[""L"",4]",,,Hoch,,Keine Angabe,IGPP Handlungsfeld Besondere Bedarfslagen,"Anzeichen einer Essstörungen sind: Gedanken kreisen vermehrt um die Themen Essen und Körper, Veränderung des Essverhaltens Nahrungsverweigerung, unkontrollierte Essanfälle, heimliches Essen, Panik vorm Zunehmen, Ablehnen des eigenen Körpers, hoher Leidensdruck.",Innsbrucker Straße,37,,10825,Tempelhof-Schöneberg,,030 8544994,info@dick-und-duenn-berlin.de,https://www.dick-und-duenn-berlin.de,nein,13:00 - 15:00,15:00 - 17:00,Geschlossen,12:00  14:00,Geschlossen,Geschlossen,Geschlossen,"Bitte Termin vereinbaren: Vor Ort in der Einrichtung, Telefonberatung, Rückrufservice, Videoberatung","telefonische Terminvereinbahrung: Montag, Dienstag und Freitag zwischen 10:00 – 12:00 Uhr",52.48101,13.34302,true
37,267,DIE INSEL,Kompaxx e.V.,1,Beratung,"[""L"",16,20,22,25]","Kinder & Jugendliche, Migration & Flucht, Angehörige",,Hoch,"Deutsch, Englisch",Rollstuhlgerechter Zugang,IGPP Handlungsfeld Besondere Bedarfslagen,"DIE INSEL bietet Beratung und Unterstützung für Kinder und Jugendliche mit einer chronischen Erkrankung wie z.B. Asthma, Neurodermitis, Diabetes, Nieren- oder Herzerkrankungen an. Wir unterstützen durch Einzel - und Familienberatung, beraten zu sozialrechtlichen Fragen oder helfen bei der Weitervermittlung an geeignete Fachdienste. Zudem bieten wir aufsuchende Beratung und Begleitung für geflüchtete Familien an.",Fechnerstraße,18,,10717,Charlottenburg-Wilmersdorf,Wilmersdorf,030 8621213,dieinsel@kompaxx.de,http://dieinsel.kompaxx.de,nein,Geschlossen,10:00 - 13:00,10:00 - 13:00,15:00 - 18:00,Geschlossen,Geschlossen,15:00 - 18:00,"Bitte Termin vereinbaren: vor Ort, telefonisch, per Mail",Persönliche Beratung mit Terminvereinbarung von Montag-Freitag möglich.,52.48858,13.32131,true
38,602,DigiSucht,"Gemeinschaftlich vertreten durch Stiftung SPI, Caritas, Notdienst",1,Online,"[""L"",10,11,7,9,12]",,,Hoch,"Deutsch, Englisch",Keine Angabe,Sonstiges,"Kostenfreie und anonyme Onlineberatung zu allen Fragen rund um die Themen Drogen, Sucht, Substanzkonsum, Glücksspielen und Medienkonsum.",,,,,,,keine,digisucht-berlin@SenWGPG.Berlin.de,https://www.suchtberatung.digital/,ja,24 Stunden geöffnet,24 Stunden geöffnet,24 Stunden geöffnet,24 Stunden geöffnet,24 Stunden geöffnet,24 Stunden geöffnet,24 Stunden geöffnet,Termine können vereinbart werden: Online,,,,true
39,458,"DMSG LV Berlin e.V. Beratung, Unterstützung und Selbsthilfe für Menschen mit Multipler Sklerose",Deutsche Multiple Sklerose Gesellschaft Landesverband Berlin e.V.,1,Beratung,"[""L"",1,3,6,12,16,25]",Angehörige,,Mittel,"Deutsch, Englisch, Weitere Sprachen","Rollstuhlgerechter Zugang, Rollstuhlgerechte Einrichtung",IGPP Handlungsfeld Besondere Bedarfslagen,"Menschen mit Multipler Sklerose, sowie deren Angehörige und Helfer erhalten Unterstützung bei der Bewältigung des Lebens mit der Diagnose Multiple Sklerose. Durch: Beratung durch Sozialpädagog*innen, Psycholog*innen und selbst von MS Betroffene zu allen Themen zum Alltag und Leben mit Multipler Sklerose. Durch Informationsveranstaltungen und die Weitergabe von Informationsmaterialien. Durch: Gruppenangebote für Austausch und gegenseitige Stärkung. Ergänzend dazu bieten wir sozialpädagogische Teilhabeassistenz für Menschen mit Multipler Sklerose an.",Aachener Straße,16,,10713,Charlottenburg-Wilmersdorf,Wilmersdorf,030 3130647,info@dmsg-berlin.de,https://www.dmsg-berlin.de/,nein,10:00 - 16:00,10:00 - 16:00,10:00 - 16:00,10:00 - 16:00,10:00 - 15:00,Geschlossen,Geschlossen,"Termine können vereinbart werden: vor Ort, telefonisch, per Mail",Außerhalb der genannten Erreichbarkeitszeiten ist eine Beratung nach vorheriger Terminvereinbarung auch zu früherer oder spätere Zeit möglich.,52.4794,13.31861,true
40,413,Drogen- und Suchtberatung Marzahn-Hellersdorf,vista gGmbH,1,Beratung,"[""L"",7,9,12,8]",,,Mittel,"Deutsch, Englisch, Russisch",Keine Angabe,IGPP Handlungsfeld Drogen/Sucht,"In unserem Zentrum für integrative Suchthilfe informieren und beraten wir Sie zu Konsum von psychoaktiven Substanzen (Drogen, Alkohol, Medikamente), zu Sucht, Entzug, Therapie und Nachsorge, zu Substitution, Safer Use, Infektionsprophylaxe und vieles mehr.
Wollen Sie Ihren Konsum reduzieren oder beenden? Wir unterstützen und begleiten Sie auf Ihrem Weg zu mehr Konsumkompetenz, um das Risiko gesundheitsschädigender Folgen zu reduzieren. Bei Bedarf vermitteln wir Sie weiter. 
Zu unseren Angeboten gehören auch die Sprechstunde für Partydrogenkonsument*innen sowie Selbsthilfegruppen und angeleitete Gruppen.",Allee der Kosmonauten,47,im Gesundheitszentrum Springpfuhl,12681,Marzahn-Hellersdorf,Marzahn,030 290278181,marzahn@vistaberlin.de,https://vistaberlin.de/einrichtungen/drogen-und-suchtberatung-marzahn-hellersdorf/,nein,10:30 - 17:00,10:30 - 17:00,13:30 - 18:00,10:30 - 17:00,Geschlossen,Geschlossen,Geschlossen,"Termine können vereinbart werden: vor Ort, telefonisch, per Mail",Offene Sprechstunde: Di 11:00 bis 13:00 Uhr und Mi 15:00 bis 17:00 Uhr. Partydrogensprechstunde: Mi 15:00 bis 17:00 Uhr.,52.52612,13.53434,true
41,410,Drogen- und Suchtberatung Misfit,vista gGmbH,1,Beratung,"[""L"",7,9,12,8,25]",Angehörige,,Mittel,"Deutsch, Arabisch, Englisch, Polnisch, Russisch, Türkisch",Keine Angabe,IGPP Handlungsfeld Drogen/Sucht,"In unserem Zentrum für integrative Suchthilfe informieren und beraten wir Sie: Konsum von psychoaktiven Substanzen (Drogen, Alkohol, Medikamente), zu Sucht, Entzug, Therapie und Nachsorge, zu Substitution, Safer Use, Infektionsprophylaxe und vieles mehr.
Wollen Sie Ihren Konsum reduzieren oder beenden? Wir unterstützen und begleiten Sie auf Ihrem Weg zu mehr Konsumkompetenz, um das Risiko gesundheitsschädigender Folgen zu reduzieren. Bei Bedarf vermitteln wir Sie weiter. 
Zu unseren Angeboten gehören auch die Sprechstunden für Jugendliche, Angehörige, Partydrogenkonsument*innen sowie Selbsthilfegruppen und angeleitete Gruppen.",Muskauer Straße,24,"Hof, Seitenflügel",10997,Friedrichshain-Kreuzberg,Kreuzberg,030 6981400,misfit@vistaberlin.de,https://vistaberlin.de/einrichtungen/drogen-und-suchtberatung-misfit/,nein,10:00 - 17:00,13:00 - 17:00,10:00 - 17:00,10:00 - 17:00,10:00 - 16:00,Geschlossen,Geschlossen,"Termine können vereinbart werden: vor Ort, telefonisch, per Mail",Offene Sprechstunde: Mo 15:00 bis 16:30 Uhr und Mi 11:00 bis 12:30 Uhr. Partydrogensprechstunde: 15:00 bis 16:30 Uhr.,52.50309,13.42726,true
42,452,Drogen- und Suchtberatung Treptow-Köpenick,vista gGmbH,1,Beratung,"[""L"",7,9,12,8,25]",Angehörige,,Mittel,"Deutsch, Englisch",Keine Angabe,IGPP Handlungsfeld Drogen/Sucht,"Information und Beratung: Wirkung und Risiken von psychoaktiven Substanzen, Wege zu mehr Konsumkompetenz (Programme wie Kontrolliertes Trinken). Beratung für Partydrogenkonsument*innen, Beratung für Angehörige.
Vermittlung in weiterführende Angebote, in Selbsthilfe, Entzugsmöglichkeiten und Therapieformen sowie Nachsorge.",Müggelheimer Straße,55,,12555,Treptow-Köpenick,Köpenick,030 6167419-00,treptow@vistaberlin.de,https://vistaberlin.de/einrichtungen/drogen-und-suchtberatung-treptow-koepenick/,nein,10:30 - 16:30,10:30 - 16:30,14:00 - 18:00,10:30 - 16:30,Geschlossen,Geschlossen,Geschlossen,"Termine können vereinbart werden: vor Ort, telefonisch, per Mail",Offene Sprechstunde: Mi 15:00 bis 17 Uhr. Partydrogensprechstunde:  Mi 15:00 bis 17 Uhr.,52.44355,13.58089,true
43,Sen044,Drogenberatung Nord,Stiftung SPI,1,Beratung,"[""L"",7,9,12,8]",,,Hoch,Deutsch,Keine Angabe,IGPP Handlungsfeld Drogen/Sucht,,Alt-Reinickendorf,23-24,,13407,Reinickendorf,,030 4938088,"drogenhilfe-nord@stiftung-spi.de ",https://www.stiftung-spi.de/service/projekte/detail/drogenhilfe-nord,nein,10:00 - 17:00,10:00 - 17:00,10:00 - 17:00,10:00 - 17:00,10:00 - 14:00,Geschlossen,Geschlossen,Bitte Termin vereinbaren: telefonisch,Bitte melden Sie sich telefonisch in der Zeit von Mo. bis Fr. 10:00–16:00 Uhr an.,52.57541,13.35195,true
44,78,Drogenkonsummobil + Container auf dem Leopoldplatz,Fixpunkt e. V.,1,Beratung,"[""L"",9]",,,Mittel,"Deutsch, Englisch, Russisch",Keine Angabe,IGPP Handlungsfeld Drogen/Sucht,"Am Container bekommen Drogenabhängige hygienische Konsumutensilien und sozialarbeiterische Beratung, Information und Hilfen zur Überlebenssicherung, bei Sucht und anderen Gesundheitsproblemen. Im Drogenkonsummobil können selbst mitgebrachte Opioide, Kokain oder Amphetamin unter pflegerischer Aufsicht konsumiert werden (Spritzen, Sniefen, Inhalieren).",Kreuzung Schulstraße,,"hinter der Alten Nazarethkirche, am BVG-Pausenhaltestellen-Bereich",13347,Mitte,Wedding,0170 7948745,dkr@fixpunkt.org,https://www.fixpunkt.org/mitte/,nein,10:00 - 17:00,10:00 - 17:00,10:00 - 17:00,10:00 - 17:00,10:00 - 17:00,12:00 - 17:00,Geschlossen,Keine Anmeldung nötig.,"Öffnungszeiten Container ohne Drogenkonsumangebot: Mo - Fr: 10:00 - 17:00, Sa 12:00 - 17:00. Öffnungszeiten sind veränderlich. Bitte auf Website überprüfen https://www.fixpunkt.org/drogenkonsummobile.",52.54790926,13.36166203,true
45,75,Drogenkonsummobil + Kontaktmobil Anita-Berber-Park,Fixpunkt e. V.,1,Beratung,"[""L"",9]",,,Mittel,"Deutsch, Englisch",Keine Angabe,IGPP Handlungsfeld Drogen/Sucht,"Im Drogenkonsummobil können selbst mitgebrachte Opioide, Kokain oder Amphetamin unter pflegerischer Aufsicht konsumiert werden (Spritzen, Inhalieren, Sniefen). Im Kontakt- und Beratungsmobil bekommen Drogenabhängige hygienische Konsumutensilien und bekommen sozialarbeiterische und pflegerische Beratung, Information und Hilfen zur Überlebenssicherung, bei Sucht und anderen Gesundheitsproblemen.",Hermannstraße,79,"auf dem Gehweg vor dem Eingang zum Park, Nähe U-Bahn-Ausgang",12049,Neukölln,Neukölln,0170 7948743,neukoelln@fixpunkt.org,https://www.fixpunkt.org/drogenkonsummobile,nein,Geschlossen,12:30 - 17:00,12:30 - 17:00,12:30 - 17:00,Geschlossen,Geschlossen,Geschlossen,Keine Anmeldung nötig.,Das Angebot pausiert bis auf Weiteres (Stand: Juli 2024). Bitte Website checken: https://www.fixpunkt.org/drogenkonsummobile,52.472682,13.428329,true
46,73,Drogenkonsummobil + Kontaktmobil Stuttgarter Platz,Fixpunkt e. V.,1,Beratung,"[""L"",9]",,,Mittel,"Deutsch, Englisch, Russisch",Keine Angabe,IGPP Handlungsfeld Drogen/Sucht,"Im Drogenkonsummobil können selbst mitgebrachte Opioide, Kokain oder Amphetamin unter pflegerischer Aufsicht konsumiert werden (Spritzen, Inhalieren, Sniefen). Im Kontakt- und Beratungsmobil bekommen Drogenabhängige hygienische Konsumutensilien und bekommen sozialarbeiterische und pflegerische Beratung, Information und Hilfen zur Überlebenssicherung, bei Sucht und anderen Gesundheitsproblemen.","Stuttgarter Platz, Lewishamstraße",,auf dem Gehweg an der Grünanlage,10627,Charlottenburg-Wilmersdorf,Charlottenburg,0170 7948745,cw@fixpunkt.org,https://www.fixpunkt.org,nein,13:00 - 18:00,13:00 - 18:00,13:00 - 18:00,13:00 - 18:00,13:00 - 18:00,Geschlossen,Geschlossen,Keine Anmeldung nötig.,Öffnungszeiten sind veränderlich. Bitte auf Website überprüfen https://www.fixpunkt.org/drogenkonsummobile.,52.50532,13.30334,true
47,306,Drogennotdienst,Notdienst für Suchtmittelgefährdete und -abhängige e.V.,1,Beratung,"[""L"",7,9,8,15,24,13,25]","Divers, LSBTIQ*, Angehörige",,Hoch,"Arabisch, Dari, Deutsch, Englisch, Farsi, Persisch, Russisch, Türkisch, weitere Sprachen mit Sprachmittlung","Rollstuhlgerechter Zugang, Rollstuhlgerechte Einrichtung",IGPP Handlungsfeld Drogen/Sucht,"Der Drogennotdienst berät alle Menschen aus Tempelhof-Schöneberg und ganz Berlin zu allen Fragen rund um Sucht und Drogen. Man kann an 365 Tagen im Jahr mit oder ohne Termin zu uns kommen. Wir führen Einzelgespräche, bieten aber auch Gruppen an. Wir vermitteln bei Bedarf in weiterführende Hilfen. Wir beraten auch mit Sprachmittlung. Zu uns können auch Angehörige kommen.",Genthiner Straße,48,,10785,Tempelhof-Schöneberg,Schöneberg,030 233240200,dnd@notdienstberlin.de,https://drogennotdienst.de/,nein,09:00 - 19:00,09:00 - 19:00,09:00 - 19:00,09:00 - 19:00,09:00 - 19:00,"14:00 - 19:00 (im Büloweck, Bülowstr. 106)",14:00 - 19:00 (Ab Mai 2025),"Termine können vereinbart werden: vor Ort, telefonisch, per Mail, Online",An Feiertagen 14:00 - 19:00 Uhr.,52.4996,13.35525,true
48,474,Epilepsie-Beratungsstelle Berlin,Landesverband Epilepsie Berlin-Brandenburg e.V.,1,Beratung,"[""L"",1,3,6,12,16,25]",Angehörige,,Mittel,"Deutsch, Englisch","Rollstuhlgerechter Zugang, Rollstuhlgerechte Einrichtung",IGPP Handlungsfeld Besondere Bedarfslagen,"Beratung und Hilfe für Menschen mit Epilepsie. Auch Angehörige, Freunde und Arbeitgeber werden beraten.",Wexstraße,2,4. Etage,10825,Tempelhof-Schöneberg,Schöneberg,030 3470-3483,kontakt@epilepsie-beratung-berlin.de,https://www.epilepsie-beratung-berlin.de/,nein,09:00 - 17:00,09:00 - 17:00,09:00 - 17:00,09:00 - 17:00,09:00 - 17:00,Geschlossen,Geschlossen,"Bitte Termin vereinbaren: telefonisch, per Mail",Termine außerhalb der Öffnungszeiten können vereinbart werden.,52.47896,13.34272,true
49,Sen103,Ess-Sucht,,1,Selbsthilfe,"[""L"",4]",,,Mittel,Deutsch,Keine Angabe,Selbsthilfegruppe,Nur offen für Betroffene.,Holsteinische Straße,30,"Nachbarschaftsheim Schöneberg , 1. OG. Aufenthaltsraum",12161,Tempelhof-Schöneberg,Friedenau,,selbsthilfe@nbhs.de,,nein,17:45 - 19:15,Geschlossen,Geschlossen,Geschlossen,Geschlossen,Geschlossen,Geschlossen,"Bitte Termin vereinbaren: telefonisch, per Mail",Treffen unregelmäßig. Bitte vorher Kontakt zum Selbsthilfetreffpunkt aufnehmen.,52.46635818254068,13.334424663641508,true
50,446,Evangelisches Krankenhaus Königin Elisabeth Herzberge gGmbH,v. Bodelschwinghschen Stiftungen Bethel,1,Klinik,"[""L"",1,3,5,2,7,9,12,8]",,,Niedrig,"Deutsch, Vietnamesisch, Russisch",Keine Angabe,Pflichtversorgende Klinik,"In unserer Abteilung für Psychiatrie, Psychotherapie und Psychosomatik bieten wir ein umfassendes Behandlungsangebot für psychiatrische und psychosomatische Erkrankungen. Erwachsene Patientinnen und Patienten aus dem Berliner Bezirk Lichtenberg behandeln wir notfallmäßig stationär. Geplant besteht ein (teil-)stationäres Behandlungsangebot für alle Menschen.",Herzbergstraße,79,,10365,Lichtenberg,Lichtenberg,030 54720,keh@keh-berlin.de,https://www.keh-berlin.de,ja,24 Stunden geöffnet,24 Stunden geöffnet,24 Stunden geöffnet,24 Stunden geöffnet,24 Stunden geöffnet,24 Stunden geöffnet,24 Stunden geöffnet,"Die Aufnahme auf Station erfolgt über unsere Aufnahmekoordination immer montags bis freitags in der Zeit von 08:00 bis 12:00 Uhr. Bitte kommen Sie persönlich für ein Vorgespräch ohne Termin in unsere Zentrale Aufnahme und Diagnostik (ZAD) im Haus 103 auf dem Krankenhausgelände. Sie benötigen für das Vorgespräch einen Krankenhauseinweisungsschein. Für eine tagesklinische Behandlung nehmen Sie bitte telefonisch Kontakt mit einer unserer Tageskliniken auf. Die Kontaktdaten finden Sie auf unserer Website. Abhängigkeitserkrankte, die sich für eine medizinisch begleitete Entgiftung interessieren, melden sich bitte montags bis freitags in der Zeit von 09:00 bis 12:00 Uhr telefonisch unter der Rufnummer 030 5472 4850.: vor Ort, telefonisch",,52.5264,13.50606,true
51,Sen045,Fachstelle für Suchtprävention Berlin,Fachstelle für Suchtprävention Berlin gGmbH,1,Beratung,"[""L"",10,11,7,9,12,8,25,20]","Angehörige, Kinder & Jugendliche",,Mittel,"Deutsch, Englisch, Spanisch",Keine Angabe,Kontakt- und Beratungsstelle,"Wir setzen uns dafür ein, Suchtmittelkonsum und riskantes Verhalten zu reduzieren. Als zentrale Kompetenzstelle entwickeln und koordinieren wir suchtpräventive Angebote in Berlin und setzen diese ebenfalls um. Gleichfalls beraten wir Fachkräfte, Erziehende, Jugendliche oder die ganze Familie bevor sich Probleme verfestigen.","Chausseestraße ",128/129,,10115,Mitte,,030 29352615,info@berlin-suchtpraevention.de,https://www.berlin-suchtpraevention.de/,nein,10:00 - 14:00,10:00 - 18:00,Geschlossen,16:00 - 19:00,09:00 - 13:00,Geschlossen,Geschlossen,"Termine können vereinbart werden: telefonisch, per Mail","Falls Sie uns außerhalb der Öffnungszeiten erreichen, hinterlassen Sie gerne eine Nachricht. Wir melden uns dann zurück.
Außerhalb der Öffnungszeiten können Sie uns jederzeit per E-Mail kontaktieren.",52.52793,13.38605,true
52,542,FAM Alkohol- und Medikamentenberatungsstelle,FrauSuchtZukunft e.V.,1,Beratung,"[""L"",7,9,12,17,24,13]","Frauen, Divers, LSBTIQ*",,Mittel,"Deutsch, Englisch",Rollstuhlgerechte Einrichtung,Alkohol- und Medikamentenberatungsstelle,"FAM berät zu allen Fragen rund um Konsum und Abhängigkeit. Wir arbeiten mit Frauen, trans*, inter* und nicht-binären Personen jeden Alters in allen Phasen des Substanzmittelkonsums: akzeptierend, ausstiegsorientiert und abstinenzstabilisierend. Darüber hinaus bietet FAM Information, Austausch und Beratung für weibliche, trans*, inter* und nichtbinäre Angehörige und Bezugspersonen von suchtmittelgebrauchenden Menschen und für professionelle Helfer*innen freier Träger oder Institutionen. Wir beraten in den Sprachen deutsch und englisch. Gerne beraten wir auch Fachkräfte aus anderen Arbeitsfeldern der sozialen Arbeit des Bezirks Tempelhof-Schöneberg.",Alt Tempelhof,28,Dachgeschoss,12103,Tempelhof-Schöneberg,Tempelhof,030 7828989,fam@frausuchtzukunft.de,https://frausuchtzukunft.de/einrichtungen/fam/,nein,10:00 - 16:00,10:00 - 12:00 und 15:00 - 16:00,12:00 - 16:00,10:00 - 16:00,10:00 - 12:00,Geschlossen,Geschlossen,"Termine können vereinbart werden: telefonisch, per Mail","Telefonische Sprechzeiten: Montag: 10-16 Uhr, Dienstag: 10-12 und 15-16 Uhr, Mittwoch: 12-16 Uhr, Donnerstag: 10-16 Uhr, Freitag: 10-12 Uhr",52.46617,13.38388,true
53,138,Familienplanungszentrum BALANCE,Familienplanungszentrum Berlin e. V.,1,Beratung,"[""L"",6,15,14,24,13]","Divers, LSBTIQ*",,Niedrig,"Deutsch, Arabisch, Englisch, Französisch, Polnisch, Russisch, Farsi, Wolof, Vietnamesisch, Tigrinya und weitere Sprachen auf Anfrage","Rollstuhlgerechter Zugang, Rollstuhlgerechte Einrichtung",IGPP Handlungsfeld Besondere Bedarfslagen,"Das Berliner Familienplanungszentrum BALANCE (kurz FPZ) bietet eine effektive Gesundheitsversorgung für jede Person, unabhängig von Alter, Herkunft, religiöser Ausrichtung, Status, Behinderung, Geschlechtsidentität und sexueller Orientierung. Das FPZ ist eine Einrichtung, in der sowohl Beratung als auch medizinische Hilfe angeboten wird.",Mauritius-Kirch-Straße,3,,10365,Lichtenberg,Lichtenberg,030 23623680,balance@fpz-berlin.de,https://www.fpz-berlin.de,nein,09:00 - 14:00,11:00 - 18:00,15:00 - 19:00,11:00 - 18:00,09:00 - 14:00,Geschlossen,Geschlossen,"Bitte Termin vereinbaren: vor Ort, telefonisch",,52.51227,13.47784,true
54,273,Familienzelt,Selbstbestimmte Geburt und Familie e.V.,1,Beratung,"[""L"",14,25]",Angehörige,,Hoch,"Deutsch, Englisch",Keine Angabe,IGPP Handlungsfeld Besondere Bedarfslagen,"Das Familienzelt ist eine Einrichtung mit Beratung, Gruppen und Kursen in der Schwangerschaft und nach der Geburt eines Kindes.",Schönfließer Straße,17,,10439,Pankow,Prenzlauer Berg,030 3223071,info@familienzelt.berlin,https://www.familienzelt.berlin,nein,10:00 - 13:00,13:00 - 17:00,10:00 - 13:00,Geschlossen,10:00 - 13:00,Geschlossen,Geschlossen,"Bitte Termin vereinbaren: telefonisch, per Mail",,52.55155,13.40803,true
55,54,Feministisches Frauengesundheitszentrum,FFGZ e.V.,1,Beratung,"[""L"",15,16,23]",,,Hoch,"Deutsch, Englisch",Keine Angabe,IGPP Handlungsfeld Besondere Bedarfslagen,"Wir bieten unabhängige Informationen, Orientierungshilfen und Unterstützungsangebote rund um Frauengesundheit. Zu  frauengesundheitspezifischen Themen wie z.B. gynäkologischen Beschwerden wird ganzheitlich und umfassend beraten. Außerdem ist das FFGZ eine Beratungsstelle für Frauen mit gesundheitlichen Folgen nach sexueller Gewalt in Kindheit und Jugend.",Bamberger Straße,51,,10777,Tempelhof-Schöneberg,Schöneberg,030 2139597,info@ffgz.de,https://www.ffgz.de,nein,10:00 - 13:00,10:00 - 13:00,Geschlossen,10:00 - 13:00 und 16:00 - 18:00,10:00 - 13:00,Geschlossen,Geschlossen,"Termine können vereinbart werden: vor Ort, telefonisch, per Mail, Online",,52.49506,13.33745,true
56,42,"Frauen*NachtCafé - Für Frauen, Trans und Inter",Wildwasser e.V.,1,Beratung,"[""L"",1,3,5,23,17,24,13]","Frauen, Divers, LSBTIQ*",,Mittel,"Deutsch, Englisch, Italenisch, Albanisch, Französisch",Rollstuhlgerechter Zugang,IGPP Handlungsfeld Besondere Bedarfslagen,"Das Frauen*NachtCafé ist eine nächtliche Krisenanlaufstelle für Frauen, Lesben, Inter, Trans, Nichtbinäre und Agender. Angeboten wird eine selbstbestimmte und machtkritische Krisenintervention durch individuelle persönliche oder telefonische Beratung. Außerdem wird Unterstützung bei der Vorbeugung von Krisen durch die Nutzung des offenen Cafébereichs und des Selbsthilfeansatzes angeboten. Das NachtCafé arbeitet nach dem Betroffenenkontrollierten Ansatz, stabilisierend und psychiatriepräventiv. Die Angebote sind kostenlos, anonym und vertraulich.",Mareschstraße,14,,12055,Neukölln,Neukölln,030 61620970,frauennachtcafe@wildwasser-berlin.de,https://www.wildwasser-berlin.de,nein,Geschlossen,Geschlossen,18:00 - 00:00,18:00 - 22:00,18:00 - 00:00,18:00 - 00:00,Geschlossen,Keine Anmeldung nötig.,Donnerstag 14:00 - 18:00 offene Bürozeit.,52.47473,13.45207,true
57,621,Frauenkrisentelefon e. V.,Frauenkrisentelefon e. V.,1,Beratung,"[""L"",6,5,3,17,22]","Frauen, Migration & Flucht",,Hoch,"Dari, Deutsch, Englisch",Keine Angabe,Sonstiges,Unser Projekt bietet zusätzlich psychosoziale Beratung für geflüchtete Frauen an.,Mariannenstr.,6,,10997,Friedrichshain-Kreuzberg,Kreuzberg,0157 31130964,frauenkrisentelefon@ymail.com,http://www.frauenkrisentelefon.de,nein,10:00 - 12:00,10:00 - 12:00,15:00 - 17:00,10:00 - 12:00,19:00 - 21:00,17:00 - 19:00,17:00 - 19:00,Bitte Termin vereinbaren: telefonisch,Terminvereinbahrung nur per SMS oder Whatsapp. Beratungszeiten nach Absprache,52.5009077,13.4232743,true
58,Sen080,Frauenladen,FrauSuchtZukunft e.V.,1,Beratung,"[""L"",7,9,12,8,17,24,13]","Frauen, Divers, LSBTIQ*",,Niedrig,Deutsch,Keine Angabe,IGPP Handlungsfeld Drogen/Sucht,,"Nazarethkirchstraße ",42,,13347,Wedding,,030 4552093,frauenladen@frausuchtzukunft.de,https://frausuchtzukunft.de/einrichtungen/frauenladen/,nein,11:00 - 14:00,Geschlossen,15:00 - 18:00,12:00 - 15:00,Geschlossen,Geschlossen,Geschlossen,Keine Anmeldung nötig.,,52.54922,13.36135,true
59,506,Frauentreff Olga,Notdienst für Suchtmittelgefährdete und -abhängige Berlin e.V.,1,Beratung,"[""L"",9,15,23,17,13,24]","Frauen, LSBTIQ*, Divers",,Mittel,"Deutsch, Bulgarisch, Englisch, Russisch, Ungarisch",Keine Angabe,Kontakt- und Beratungsstelle,"Der Frauentreff Olga ist eine Anlauf- und Beratungsstelle für Sexarbeiterinnen und Zwangsprostituierten an der Kurfürstenstraße. Grundversorgung gehört ebenso zu unserem Angebot wie medizinische Hilfen und muttersprachliche Sucht- und Sozialberatung auf Ungarisch, Bulgarisch, Russisch, Englisch und Deutsch.",Kurfürstenstraße,40,,10785,Mitte,Tiergarten,030 2628959,olga@notdienstberlin.de,https://drogennotdienst.de/nur-fuer-frauen/frauentreff-olga/,nein,14:00 - 20:00,14:00 - 20:00,14:00 - 20:00,14:00 - 20:00,14:00 - 20:00,14:00 - 20:00,Geschlossen,Keine Anmeldung nötig.,,52.50061,13.3602,true
60,Sen093,Früh geborgen - Ganzheitliche integrative Begleitung von Familien mit Frühgeborenen,WEG DER MITTE gem. e.V.,1,Beratung,"[""L"",14]",,,Hoch,"Deutsch, Englisch",Keine Angabe,IGPP Handlungsfeld Besondere Bedarfslagen,"Berlinweites Angebot einer kostenfreien und antragslosen Soforthilfe für Familien mit frühgeborenen Kindern. ",Ahornstraße,18,,14163,Steglitz-Zehlendorf,,030 8141068,"fruehgeborgen@wegdermitte.de ",https://www.wegdermitte.de/index.php?mid=88&uid=226&sid=543,nein,"09:00 - 12:30
13:30 - 15:00","09:00 - 12:30
13:30 - 15:00","09:00 - 12:30
13:30 - 15:00","09:00 - 12:30
13:30 - 15:00","09:00 - 12:30
13:30 - 15:00",Geschlossen,Geschlossen,"Bitte Termin vereinbaren: telefonisch, per Mail",,52.43379,13.2524,true
61,557,Gesundheitszentrum für Flüchtlinge GZF,PIBB / Xenion,1,Beratung,"[""L"",1,3,5,6,23,22]",Migration & Flucht,,Mittel,"Deutsch,Arabisch,Bosnisch,Serbisch,Kroatisch,Bulgarisch,Englisch,Französisch,Kurdisch,Polnisch,Rumänisch,Russisch,Türkisch,Weitere Sprachen mit Sprachmittlung",Keine Angabe,Sonstige,"Zielgruppe des GZF sind traumatisierte und/oder psychisch erkrankte Menschen, die nach Flucht aus ihren Heimatländern in Deutschland Asyl beantragt haben. Menschen, die politischer Verfolgung oder Bürgerkriegsbedrohungen ausgesetzt waren bzw. denen aufgrund der Genfer Flüchtlingskonvention Schutz zu gewähren ist.  Das GZF ermöglicht für diese Menschen eine psychiatrische und psychotherapeutische Behandlung, die sich an einem ganzheitlich ausgerichteten Krankheitsverständnis und an Kriterien kultursensibler Behandlung orientiert. Dabei soll die Zusammenarbeit mit allen Einrichtungen der psychiatrischen Regelversorgung im integrierenden Sinne befördert werden.",Willdenowstraße,38,,12203,Steglitz-Zehlendorf,Steglitz,030 85960070,info@gzf-berlin.org,https://www.gzf-berlin.org,nein,10:00 - 14:00,10:00 - 14:00,10:00 - 14:00,10:00 - 14:00,10:00 - 14:00,Geschlossen,Geschlossen,"Bitte Termin vereinbaren: vor Ort, telefonisch, per Mail, Online",,52.45356352,13.30038566,true
62,Sen087,Guidance- Suchtberatung für Geflüchtete in Berlin,Notdienst für Suchtmittelgefährdete und -abhängige Berlin e. V.,1,Beratung,"[""L"",7,9,12,22]",Migration & Flucht,,Niedrig,"Deutsch, Arabisch, Persisch, Englisch, Türkisch, Griechisch, Usbekisch, Russisch, weitere Sprachen ",Rollstuhlgerechter Zugang,IGPP Handlungsfeld Drogen/Sucht,"Guidance berät und vermittelt in gesundheits- und suchtspezifische Hilfsangebote in Berlin. Wir unterstützen Minderjährige, Jugendliche und Erwachsene sowie Angehörige, Fachkolleg*innen und Multiplikator*innen rund am das Thema Migration und Drogenkonsum. Gespräche können auf Wunsch anonym erfolgen. Wir schulen und beraten Fachkolleg*innen und Multiplikator*innen hinsichtlich des Umgangs mit Drogen / Konsument*innen.",Genthiner Straße,48,,10785,Mitte,,"030 233240-200, 030 233240-201",guidance@notdienstberlin.de,https://drogennotdienst.de/angebote/beratung-und-reha/guidance/,nein,08:30 - 21:00,08:30 - 21:00,08:30 - 21:00,08:30 - 21:00,08:30 - 21:00,14:00 - 18:00,14:00 - 21:00,"Bitte Termin vereinbaren: telefonisch, per Mail","Arabische, Persische, Russische Sprechzeiten: Montag bis Freitag je 10 – 16:30 Uhr",52.50174,13.35826,true
63,Sen101,"Guttempler Seniorenkreis ""Lichtblick""",Guttempler Landesverband Berlin-Brandenburg e.V.,1,Selbsthilfe,"[""L"",7,9,12]",,,Mittel,Deutsch,"Rollstuhlgerechter Zugang, Rollstuhlgerechte Einrichtung",Selbsthilfegruppe,"Wir spielen, singen, basteln, lesen vor, führen Gespräche, machen Ausflüge, Gymnastik, Tanz und vieles mehr.",Wildenbruchstraße,80,Guttemplerhaus,12045,Neukölln,,"030 3236286, 0171 3836425",seniorenkreislichtblick@guttempler-berlin.com,https://www.guttempler.de/landesverband-berlin-und-brandenburg/,nein,11:00 - 14:30,Geschlossen,Geschlossen,Geschlossen,Geschlossen,Geschlossen,Geschlossen,Keine Anmeldung nötig.,An den gesetzlichen Feiertagen finden in der Regel keine Treffen statt.,52.48423350476987,13.44317812626283,true
65,590,HaLT - Programm Berlin,Caritasverband Berlin & Stiftung SPI,1,Beratung,"[""L"",7,9,12,8,20,25]","Kinder & Jugendliche, Angehörige",,Mittel,"Deutsch, Englisch",Rollstuhlgerechte Einrichtung,Alkohol- und Medikamentenberatungsstelle,"Um junge Menschen nach riskantem Alkohol- oder Mischkonsum zeitnah zu erreichen, bietet das Team von HaLT eine anonyme Beratung noch direkt im Krankenhaus an. Den Charakter dieser aufsuchenden Arbeit stellt HaLT auch Einrichtungen der Jugendhilfe, Justiz oder Schulen zur Verfügung.  Im Rahmen der Beratung wird jungen Konsument/innen frühzeitig Unterstützung und Orientierung in der Auseinandersetzung mit dem eigenen Konsum angeboten. Das Ziel der Beratung ist es, den riskanten Konsumgewohnheiten präventiv zu begegnen, um neben möglichen Suchtentwicklungen auch psychischen, physischen und sozialen Beeinträchtigungen entgegenzuwirken.",Große Hamburger Straße,18,"2. Hinterhof, 2. Etage",10115,Mitte,Mitte,0177 6820910,info@halt-berlin.de,https://www.halt-berlin.de,nein,Geschlossen,Geschlossen,Geschlossen,Geschlossen,Geschlossen,Geschlossen,Geschlossen,"Eine vorherige Anmeldung ist gewünscht.: Telefonische Terminvergabe, Terminvergabe per Mail",Telefonisch über die Hotline tagsüber 365 Tage im Jahr,52.5246347,13.39912159,true
67,434,HAUSOTTERSTRASSE,KARUNA e. V.,1,Beratung,"[""L"",7,9,12,8,20]",Kinder & Jugendliche,,Mittel,Deutsch,Keine Angabe,IGPP Handlungsfeld Drogen/Sucht,"Die Einrichtung HAUSOTTERSTRASSE ist ein Projekt des Therapieverbundes von KARUNA e.V. - Zukunft für Kinder und Jugendliche in Not. Wir arbeiten mit missbräuchlich Drogen konsumierenden bzw. drogenabhängigen Jugendlichen, mit und ohne komorbider psychischer Störung vom 13. bis zum 21. Lebensjahr.",Hausottertraße,49,,13409,Reinickendorf,Reinickendorf,030 4991888-00,hausotter@karuna-ev.de,https://www.jugendhilfe-hausotterstrasse.de/weg-zu-uns/,nein,Geschlossen,Geschlossen,Geschlossen,Geschlossen,Geschlossen,Geschlossen,Geschlossen,"Bitte Termin vereinbaren: telefonisch, per Mail",,52.56877,13.37819,true
69,611,Integrative Suchtberatung Königsberger 11,Caritasverband für das Erzbistum Berlin e.V.,1,Beratung,"[""L"",7,1,9,12,8,3]",,,Mittel,"Deutsch, Englisch, Türkisch, Arabisch, Farsi",Rollstuhlgerechter Zugang,Sonstiges,"Wir bieten unsere professionelle Hilfe für Menschen an, die Probleme und Fragen rund um den Konsum von legalen und illegalen Suchtstoffen haben: Beratung (Präsenz, Telefon, Online), Frühintervention, Vermittlung, Betreutes Einzelwohnen, aufsuchende Arbeit in Haftanstalten/ Flüchtlingswohnheimen,Ambulante Nachsorge. Die Beratung ist kostenlos und überkonfessionell. Unsere Beratung ist akzeptierend und niedrigschwellig ausgelegt und kann bei Bedarf auch anonym erfolgen.",Königsberger Straße,11,,12200,Steglitz-Zehlendorf,,030 6663358,sucht-koenigsberger@caritas-berlin.de,https://www.caritas-berlin.de/beratungundhilfe/berlin/sucht/beratung-und-therapie,nein,09:00 - 17:00,09:00 - 18:00,09:00 - 17:00,09:00 - 17:00,09:00 - 15:00,Geschlossen,Geschlossen,Keine Anmeldung nötig.,"Weitere Öffnungszeiten: Offene Sprechstunde: Montag von 10:00-12:00 Uhr; Dienstag von 16:00-18:00 Uhr, Donnerstag von 13:00-15:00 Uihr",52.43041,13.32005,true
70,Sen050,Integrative Suchtberatung Mitte,Caritasverband  für das Erzbistum Berlin e.V.,1,Beratung,"[""L"",7,9,12,8,25]",Angehörige,,Mittel,"Deutsch, Englisch","Rollstuhlgerechter Zugang, Rollstuhlgerechte Einrichtung",IGPP Handlungsfeld Drogen/Sucht,"Beratung – auch online - Krisenintervention; Vorbereitung auf Therapie; Vermittlung in Entgiftung, Entwöhnung, Selbsthilfegruppen, weiterführende Hilfen; Angehörigenberatung; Beratung in stationären Einrichtungen und im Strafvollzug; Verschiedene Gruppenangebote zur Stabilisierung und Motivation; Frühinternvention. Weitere Angebote am Standort: Ambulante Entwöhnungstherapie und Nachsorge; Betreutes Einzelwohnen; Café für Menschen mit einer Suchterkrankung und deren Angehörige; Streetwork.",Große Hamburger Straße,18,,10115,Mitte,,030 66633400,sucht-gr.hamburger@caritas-berlin.de,https://www.caritas-berlin.de/beratungundhilfe/berlin/sucht/beratung-und-therapie,nein,10:00 - 17:00,09:00 - 17:00,09:00 - 17:00,09:00 - 17:00,12:00 - 15:00,Geschlossen,Geschlossen,"Bitte Termin vereinbaren: telefonisch, Online","Offene Sprechstunde: Mittwoch 15:00-18:30 Uhr.
",52.52459,13.39908,true
71,539,Integrierte Suchtberatung Lichtenberg,Stiftung SPI,1,Beratung,"[""L"",4,10,11,7,9,12,8]",,,Hoch,"Deutsch, Englisch, Französisch, Arabisch","Rollstuhlgerechter Zugang, Rollstuhlgerechte Einrichtung",Alkohol- und Medikamentenberatungsstelle,Mit Kooperationspartner:innen gewährleistet die Suchtberatungsstelle die Versorgung der Bürger:innen Lichtenbergs mit Suchthilfeangeboten. Die Ziele der akzeptierenden Arbeit reichen von Überlebenssicherung über Konsumreduktion bis hin zur Entwicklung einer zufriedenen Abstinenz. Die Arbeit mit Angehörigen hat eine Stärkung und Entlastung zum Ziel; darauf aufbauend werden co- abhängige Verhaltensweisen identifiziert und Veränderungen angeregt.,Möllendorffstraße,59,,10367,Lichtenberg,,030 5568040,suchtberatung-lichtenberg@stiftung-spi.de,https://www.stiftung-spi.de/service/projekte/detail/suchtberatung-lichtenberg,nein,09:00 - 15:00,14:00 - 18:00,09:00 - 15:00,09:00 - 15:00,Geschlossen,Geschlossen,Geschlossen,"Bitte Termin vereinbaren: vor Ort, telefonisch","Mo., Do. 14:00 – 15:00 Uhr können Sie ohne Voranmeldung ein Erstgespräch vor Ort wahrnehmen. Di. 14:00 – 15:00 Uhr ist zudem unter 0162 2806063 ein telefonisches Erstgespräch ohne Voranmeldung möglich.",52.52683,13.47804,true
72,630,Integriertes Gesundheitszentrum IGZ Marzahn-Hellersdorf,Deutsches Rotes Kreuz KV Berlin Nordost e.V.,1,Beratung,"[""L"",1,6,4,16,14,3]",,,Hoch,"Deutsch, Englisch, Sonstige","Rollstuhlrechter Zugang, Rollstuhlgerechte Einrichtung",Sonstiges,"Ganzheitliche Beratung zu allen Fragen rund um die seelische und körperliche Gesundheit. Psychosoziale Beratung, Vermittlung, Begleitung.",Neue Grottkauer Str.,3,"Forum Kienberg, Treppenhaus 1",12619,Marzahn-Hellersdorf,Kaulsdorf,030 5057-6459,igz@drk-berlin-nordost.de,https://www.igz-marzahn-hellersdorf.de,nein,09:00 - 14:00,09:00 - 14:00,09:00 - 17:30,09:00 - 14:00,09:00 - 11:00,Geschlossen,Geschlossen,Keine Anmeldung nötig.,,52.5288505,13.5946006,true
73,614,Inter*Trans*Beratung queer leben,Schwulenberatung Berlin,1,Beratung,"[""L"",1,3,5,6,24,13,20,25]","Divers, LSBTIQ*, Kinder & Jugendliche, Angehörige",,Mittel,"Deutsch, Arabisch, Englisch, Russisch, Persisch, Weitere Sprachen mit Sprachmittlung",Rollstuhlgerechter Zugang,Kontakt-und Beratungsstelle,"Die Inter*Trans*Beratung queer leben berät trans*, inter* und nicht-binäre Menschen sowie deren Angehörige. Themen in der Beratung können alle Fragen rund um Geschlechtsidentität, soziale, rechtliche und medizinische Transition, psychische Belastung, Beziehungsfragen und viele weitere sein.",Hermannstraße,256-258,3. Stock (mit Fahrstuhl),12049,Neukölln,Neukölln,030 446688111,beratung@queer-leben.de,https://schwulenberatungberlin.de/angebote/queer-leben/,nein,10:00 - 20:00,10:00 - 20:00,10:00 - 20:00,10:00 - 20:00,10:00 - 20:00,Geschlossen,Geschlossen,"Termine können vereinbart werden: vor Ort, telefonisch, per Mail",,52.485707,13.42445356,true
74,123,KBS Kamenzer Damm,Reha-Steglitz gGmbH,1,Beratung,"[""L"",1,3,5,6,2]",,,Mittel,"Deutsch, Englisch","Rollstuhlgerechter Zugang, Rollstuhlgerechte Einrichtung",Kontakt- und Beratungsstelle,"Unsere KBS ist ein niedrigschwelliger, anonymer Anlaufpunkt für Menschen, die psychisch belastet oder einsam sind und Kontakte oder Beschäftigung suchen. Sie bietet die Möglichkeit zur  Begegnung, individuellen Beratung und Teilnahme an Gruppenangeboten; darüber hinaus gibt es regelmäßige Ausflüge und Aktivitäten sowie Angebote zur Selbsthilfe.",Kamenzer Damm,1,Tageszentrum,12249,Steglitz-Zehlendorf,Lankwitz,030 221916021,tz.2@reha-steglitz.de,https://reha-steglitz.de/tageszentrum/kontakt-und-beratungsstelle.html,nein,09:00 - 15:00,12:00 - 15:00,Geschlossen,12:00 - 15:00,10:00 - 15:00,Geschlossen,Geschlossen,"Termine können vereinbart werden: vor Ort, telefonisch, per Mail",Außerhalb der Öffnungszeiten finden Ausflüge und einmal monatlich ein Samstagsfrühstück statt.,52.43365,13.35359,true
75,587,"KBS prenzlkomm mit Café ""Kuchenschwarm bis Stullenliebe""",prenzlkomm gGmbH,1,Beratung,"[""L"",1,3,5,6,4]",,,Mittel,Deutsch,Keine Angabe,Kontakt- und Beratungsstelle,"In unserer KBS können Menschen mit seelischen und sozialen Problemlagen Unterstützung finden - in Form von Beratungen und Mitmachangeboten. Schwerpunkte in der Beratung sind die Unterstützung bei Behördenangelegenheiten, Begleitung in kritischen Situationen, Vermittlung von Hilfen bei psychischen Erkrankungen. Beratungstermine werden kurzfristig vergeben, so dass Unterstützung in akuten Belastungssituationen möglich ist. In unserem Café können sie Kontakt aufnehmen und entspannt unser Frühstücks -und Mittagsangebot genießen.",Erich Weinert Straße,37,Ecke Scherenbergstr.,10439,Pankow,Prenzlauer Berg,030 4441664,kbs@prenzlkomm.de,https://www.prenzlkomm.de,nein,10:00 - 17:00,10:00 - 17:00,10:00 - 17:00,10:00 - 17:00,10:00 - 17:00,Geschlossen,Geschlossen,"Bitte Termin vereinbaren: vor Ort, telefonisch, per Mail",Das Cafe´ kann für z.B. Feierlichkeiten außerhalb der Öffnungszeiten gebucht werden.,52.55100739,13.41988321,true
76,342,KIBO Ambulante Drogentherapie,KOKON Verein für ambulante Drogentherapie e.V.,1,Beratung,"[""L"",9,12,8]",,,Niedrig,"Deutsch, Englisch",Rollstuhlgerechter Zugang,IGPP Handlungsfeld Drogen/Sucht,"Wir unterstützen Menschen mit Drogenproblemen. Spezialisiert sind wir auf dämpfende Drogen, wie Cannabis, Opioide, Heroin, Alkohol, Tilidin, Xanax, Benzodiazepine, GHB, NPS, Ketamin. Unser ambulantes Therapieprogramm bietet Ihnen Schutz und eine fördernde Umgebung. Sie können in Ihrem Umfeld und in Ihrem Alltag bleiben. Wenn Sie Ihr Substitutionsmittel unter fachlicher Begleitung abdosieren möchten, können Sie dies bei uns in der ambulanten medizinischen Rehabilitation durchführen.",Obentrautstraße,57,,10963,Friedrichshain-Kreuzberg,Kreuzberg,030 21021760,kibo@kokon.de,https://www.kokon.de,nein,10:00 - 21:00,10:00 - 17:00,10:00 - 17:00,10:00 - 21:00,10:00 - 15:00,Geschlossen,Geschlossen,"Termine können vereinbart werden: vor Ort, telefonisch, per Mail",,52.49691,13.38206,true
77,Sen027,Kinder- und Jugendpsychiatrischer Dienst Charlottenburg-Wilmersdorf,Bezirksamt Charlottenburg-Wilmersdorf,1,Amt,"[""L"",1,3,5,6,2,4,10,11,7,9,12,8,15,16,14,20]",Kinder & Jugendliche,,Niedrig,Deutsch,Rollstuhlgerechter Zugang,Kinder- und Jugendpsychiatrischer Dienst (KJPD),"Die Kinder- und Jugendpsychiatrischen Dienste bieten Hilfe an bei Problemen des Zusammenlebens mit Kindern und Jugendlichen, insbesondere bei Erziehungsproblemen und Entwicklungsauffälligkeiten. Sie führen auch ärztliche und psychologische Diagnostik durch und unterstützen in Krisen.",Hohenzollerndamm,177,,10713,Charlottenburg-Wilmersdorf,Wilmersdorf,030 9029-15536,,https://www.berlin.de/ba-charlottenburg-wilmersdorf/verwaltung/aemter/gesundheit/kinder-und-jugendpsychiatrischer-dienst/,nein,09:00 - 15:00,09:00 - 15:00,09:00 - 15:00,09:00 - 15:00,09:00 - 14:00,Geschlossen,Geschlossen,"Bitte Termin vereinbaren: vor Ort, telefonisch",,52.48937,13.31224,true
78,368,Kinder- und Jugendpsychiatrischer Dienst Friedrichshain-Kreuzberg,Bezirksamt Friedrichshain-Kreuzberg,1,Amt,"[""L"",1,3,5,6,2,4,11,20]",Kinder & Jugendliche,,Niedrig,"Deutsch, Englisch, Sprachmittlung möglich","Rollstuhlgerechter Zugang, Rollstuhlgerechte Einrichtung",Kinder- und Jugendpsychiatrischer Dienst (KJPD),"Unsere Beratungsstelle ist für Kinder (ab 4), Jugendliche und deren Bezugspersonen aus FK. Wir beraten und unterstützen wenn es Anzeichen für seelische Schwierigkeiten gibt. Wir bieten Beratung, Diagnostik und Vermittlung von Hilfen. Durch Gespräche und Untersuchungen versuchen wir mit Ihnen gemeinsam die Situation zu verstehen und Lösungen zu finden. Wir beraten Sie bei allen erforderlichen Schritten, um Hilfen zu finden. Diese können ärztlich, psychotherapeutisch, sozialpädagogisch, pädagogisch o.ä. sein. Alle Mitarbeitenden unterliegen der gesetzlichen Schweigepflicht. Die Beratung kostet nichts. Eine Überweisung ist nicht erforderlich. Unser Team besteht aus: Ärzt*innen, Psycholog*innen, Sozialpädagog*innen, MFA",Urbanstraße,24,"Vorderhaus, EG, Flachbau",10967,Friedrichshain-Kreuzberg,Kreuzberg,030 9029 84968,kjpd@ba-fk.berlin.de,https://www.berlin.de/ba-friedrichshain-kreuzberg/politik-und-verwaltung/aemter/gesundheitsamt/fachbereiche/artikel.162510.php,nein,08:00 - 16:00,08:00 - 16:00,08:00 - 16:00,08:00 - 16:00,08:00 - 11:00; 13:00 - 16:00,Geschlossen,Geschlossen,"Bitte Termin vereinbaren: vor Ort, telefonisch, per Mail",,52.49239,13.41033,true
79,249,Kinder- und Jugendpsychiatrischer Dienst Lichtenberg,Bezirksamt Lichtenberg,1,Amt,"[""L"",1,3,5,6,2,4,20]",Kinder & Jugendliche,,Niedrig,"Deutsch, Weitere Sprachen mit Sprachmittlung",Rollstuhlgerechter Zugang,Kinder- und Jugendpsychiatrischer Dienst (KJPD),"Unser Angebot richtet sich an alle, die sich Sorgen um die seelische Gesundheit ihrer Kinder machen. Es umfasst ärztliche und psychologische Diagnostik und Beratung bei Entwicklungsbesonderheiten oder emotionalen und sozialen Störungen. Wir unterstützen bei Vermittlung von Therapien, führen Begutachtungen für Hilfen zur Erziehung und Eingliederungshilfen durch und arbeiten bei der Hilfeplanung des Jugendamtes mit.",Alfred-Kowalke-Straße,24,,10315,Lichtenberg,Lichtenberg,030 902964961,KJPD@lichtenberg.berlin.de,https://www.berlin.de/ba-lichtenberg/politik-und-verwaltung/behoerdenwegweiser/artikel.321022.php#ges02,nein,08:00 - 16:00,08:00 - 16:00,08:00 - 16:00,08:00 - 18:00,08:00 - 14:00,Geschlossen,Geschlossen,"Bitte Termin vereinbaren: vor Ort, telefonisch, per Mail",,52.50767,13.52449,true
80,350,Kinder- und Jugendpsychiatrischer Dienst Marzahn-Hellersdorf,Bezirksamt Marzahn-Hellersdorf,1,Amt,"[""L"",1,3,5,6,2,4,10,11,7,9,12,8,15,16,14,20]",Kinder & Jugendliche,,Niedrig,Deutsch,"Rollstuhlgerechter Zugang, Rollstuhlgerechte Einrichtung",Kinder- und Jugendpsychiatrischer Dienst (KJPD),"Wir beraten und helfen bei seelischen Problemen, Krisensituationen, Verhaltensauffälligkeiten und Entwicklungsstörungen. Wir bearbeiten Stellungnahmen im Rahmen von Eingliederungshilfen oder Hilfen zur Erziehung.",Janusz-Korczak-Straße,32,Gesundheitsamt,12627,Marzahn-Hellersdorf,Hellersdorf,"030 902933691, 030 902933684",kjpd@ba-mh.berlin.de,https://www.berlin.de/ba-marzahn-hellersdorf/politik-und-verwaltung/aemter/gesundheitsamt/artikel.320493.php,nein,Geschlossen,09:00 - 12:00; 14:00 - 16:00,Geschlossen,Geschlossen,Geschlossen,Geschlossen,Geschlossen,"Bitte Termin vereinbaren: vor Ort, telefonisch, per Mail",,52.53868,13.60649,true
81,141,Kinder- und Jugendpsychiatrischer Dienst Mitte,Bezirksamt Mitte,1,Amt,"[""L"",1,3,5,6,2,4,10,11,7,9,12,8,15,16,14,20]",Kinder & Jugendliche,,Niedrig,"Deutsch, Englisch","Rollstuhlgerechter Zugang, Rollstuhlgerechte Einrichtung",Kinder- und Jugendpsychiatrischer Dienst (KJPD),"Wir bieten ärztliche und psychologische Beratung und Untersuchung für Kinder, Jugendliche und deren Bezugspersonen in Bezug auf seelische oder entwicklungsbedingte Störungen und Verhaltensschwierigkeiten. Wir unterstützen bei der Frage nach geeigneten Hilfen nach dem SGB.",Mathilde-Jacob-Platz,1,,10551,Mitte,Moabit,"030 9018-33241, 030 9018-33242, 030 9018-33250",kjpd@ba-mitte.berlin.de,https://www.berlin.de/ba-mitte/politik-und-verwaltung/aemter/gesundheitsamt/gesundheitsfoerderung-praevention-und-gesundheitshilfe-fuer-kinder-und-jugendliche/artikel.234404.php,nein,Geschlossen,Geschlossen,Geschlossen,Geschlossen,Geschlossen,Geschlossen,Geschlossen,"Bitte Termin vereinbaren: telefonisch, per Mail",Termine nur nach telefonischer Anmeldung. Telefonsprechzeiten Mo-Fr 10-14 Uhr.,52.52701,13.3385,true
82,347,Kinder- und Jugendpsychiatrischer Dienst Neukölln,Bezirksamt Neukölln,1,Amt,"[""L"",1,3,5,6,2,4,10,11,7,9,12,8,15,16,14,20]",Kinder & Jugendliche,,Niedrig,"Deutsch, Arabisch, Bulgarisch, Englisch, Französisch, Türkisch, Spanisch, Italienisch",Rollstuhlgerechter Zugang,Kinder- und Jugendpsychiatrischer Dienst (KJPD),"In Neukölln arbeitet der Kinder- und Jugendpsychiatrische Dienst eng mit der Erziehungs- und Familienberatungsstelle (EFB) zusammen. An unseren Standorten in Nord- und Südneukölln wird sowohl kinder- und jugendpsychiatrische Beratung als auch Erziehungs- und Familienberatung angeboten. Sie werden beraten von Ärztinnen und Ärzten, Psychologinnen und Psychologen, Sozialpädagoginnen und Sozialpädagogen sowie Kinder- und Jugendlichenpsychotherapeutinnen und -therapeuten, alle mit therapeutischen Zusatzausbildungen. Für die Anmeldung sind unsere Teamassistentinnen zuständig.",Britzer Damm,93,,12347,Neukölln,Britz,030 902391242,kjpd@bezirksamt-neukoelln.de,https://www.berlin.de/ba-neukoelln/politik-und-verwaltung/aemter/gesundheitsamt/kinder-und-jugendpsychiatrischer-dienst,nein,Geschlossen,Geschlossen,Geschlossen,Geschlossen,Geschlossen,Geschlossen,Geschlossen,"Bitte Termin vereinbaren: vor Ort, telefonisch, per Mail","Termine werden nach telefonischer Vereinbarung vergeben,die Telefone sind wochentags von 9.00 bis 15.00 Uhr besetzt.",52.45437,13.43816,true
83,216,Kinder- und Jugendpsychiatrischer Dienst Pankow,Bezirksamt Pankow,1,Amt,"[""L"",1,3,5,6,2,4,10,11,7,9,12,8,15,16,14,20]",Kinder & Jugendliche,,Niedrig,Deutsch,Rollstuhlgerechter Zugang,Kinder- und Jugendpsychiatrischer Dienst (KJPD),"Wir bieten Kindern und Jugendlichen, deren seelische, geistige bzw. soziale Entwicklung gefährdet oder beeinträchtigt ist, sowie deren Familien, Kinder-/jugendpsychiatrische, psychologische und sozial-pädagogische Beratungen. Wir bieten Vermittlung und fachliche Begleitung von medizinischen, pädagogischen, psychotherapeutischen und familienunterstützenden Hilfen in Kooperation mit den zuständigen Leistungsträgern. Wir formulieren gutachterliche Stellungnahmen im Rahmen von Hilfen zur Erziehung und Eingliederungshilfe. Wir helfen bei akuter Selbstgefährdung im Zusammenhang mit einer psychischen oder geistigen Störung zur Gefahrenabwehr bei Versorgungsdefiziten im Regelangebot.",Grunowstraße,8,,13187,Pankow,Pankow,"030 9029528-30, 030 9029528-33",sekretariat.kjpd@ba-pankow.berlin.de,,nein,Geschlossen,09:00 - 12:00,Geschlossen,14:00 - 16:00,Geschlossen,Geschlossen,Geschlossen,"Bitte Termin vereinbaren: vor Ort, telefonisch, per Mail",,52.56735,13.40945,true
84,Sen028,Kinder- und Jugendpsychiatrischer Dienst Reinickendorf,Bezirksamt Reinickendorf,1,Amt,"[""L"",1,3,5,6,2,4,10,11,7,9,12,8,15,16,14,20]",Kinder & Jugendliche,,Niedrig,Deutsch,"Rollstuhlgerechter Zugang, Rollstuhlgerechte Einrichtung",Kinder- und Jugendpsychiatrischer Dienst (KJPD),"Die Kinder- und Jugendpsychiatrischen Dienste bieten Hilfe an bei Problemen des Zusammenlebens mit Kindern und Jugendlichen, insbesondere bei Erziehungsproblemen und Entwicklungsauffälligkeiten. Sie führen auch ärztliche und psychologische Diagnostik durch und unterstützen in Krisen.",Teichstraße,65,,13407,Reinickendorf,Reinickendorf,030 90294-5043,kjpd@reinickendorf.berlin.de,https://www.berlin.de/ba-reinickendorf/politik-und-verwaltung/aemter/gesundheitsamt/beratungsstelle-fuer-kinder-und-jugendpsychiatrie/#kontakt,nein,09:00 - 16:00,09:00 - 16:00,09:00 - 16:00,09:00 - 16:00,09:00 - 14:00,Geschlossen,Geschlossen,"Bitte Termin vereinbaren: telefonisch, per Mail",,52.57116,13.34771,true
86,461,Kinder- und Jugendpsychiatrischer Dienst Spandau,Bezirksamt Spandau,1,Amt,"[""L"",1,3,5,6,2,4,10,11,7,9,12,8,15,16,14,20]",Kinder & Jugendliche,,Niedrig,"Deutsch, Englisch, Französisch",Rollstuhlgerechter Zugang,Kinder- und Jugendpsychiatrischer Dienst (KJPD),"An den KJPD können sich alle in Spandau gemeldeten Familien wenden, wenn sie sich Sorgen um das seelische Wohl Ihres Kindes machen. Kinder und Jugendliche können untersucht und begutachtet werden, Eltern oder Sorgeberechtigte und das soziale Umfeld des Kindes bzw. Jugendlichen wie z.B. die Schule können sich beraten lassen. Der KJPD ist eine Beratungsstelle des Bezirksamtes, es wird daher keine Chipkarte benötigt.",Klosterstraße,36,Eingang E,13581,Spandau,Spandau,030 902792759,kjpd.spandau@ba-spandau.berlin.de,https://www.berlin.de/ba-spandau/politik-und-verwaltung/aemter/gesundheitsamt/artikel.231095.php,nein,09:00 - 12:00,09:00 - 12:00,Geschlossen,09:00 - 12:00,09:00 - 12:00,Geschlossen,Geschlossen,"Bitte Termin vereinbaren: vor Ort, telefonisch, per Mail",Offene Sprechstunde Do 16:00-18:00 Uhr (letzter Einlass 17:30 Uhr).,52.53249,13.19862,true
87,455,"Kinder- und Jugendpsychiatrischer Dienst Steglitz-Zehlendorf, Gesundheitsamt",Bezirksamt Steglitz-Zehlendorf,1,Amt,"[""L"",1,3,5,6,2,4,10,11,7,9,12,8,14,20]",Kinder & Jugendliche,,Niedrig,"Deutsch, Bosnisch/Serbisch/Kroatisch, Griechisch, Englisch, Weitere Sprachen, ggf. können Dolmetscher hinzugezogen werden",Keine Angabe,Kinder- und Jugendpsychiatrischer Dienst (KJPD),"Beratung und Klärung von Bedarf, Krisenintervention, Stellungnahmen für Eingliederungshilfen
bei
seelischen Problemen oder seelischen Behinderungen, 
Verhaltensauffälligkeiten bei Kinder und Jugendlichen",Königstraße,36,,14163,Steglitz-Zehlendorf,Zehlendorf,030 902995842,kjpd@ba-sz.berlin.de,https://www.berlin.de/ba-steglitz-zehlendorf/politik-und-verwaltung/aemter/gesundheitsamt/kinder-und-jugendpsychiatrischer-dienst/artikel.29761.php,nein,08:00 - 16:00,08:00 - 16:00,08:00 - 16:00,08:00 - 16:00,08:00 - 16:00,Geschlossen,Geschlossen,"Bitte Termin vereinbaren: vor Ort, telefonisch, per Mail",,52.43312,13.25168,true
88,Sen029,Kinder- und Jugendpsychiatrischer Dienst Tempelhof-Schöneberg,Bezirksamt Tempelhof-Schöneberg,1,Amt,"[""L"",1,3,5,6,2,4,10,11,7,9,12,8,15,16,14,20]",Kinder & Jugendliche,,Niedrig,Deutsch,"Rollstuhlgerechter Zugang, Rollstuhlgerechte Einrichtung",Kinder- und Jugendpsychiatrischer Dienst (KJPD),"Die Kinder- und Jugendpsychiatrischen Dienste bieten Hilfe an bei Problemen des Zusammenlebens mit Kindern und Jugendlichen, insbesondere bei Erziehungsproblemen und Entwicklungsauffälligkeiten. Sie führen auch ärztliche und psychologische Diagnostik durch und unterstützen in Krisen.",Welserstraße,23,1. Etage,10777,Tempelhof-Schöneberg,Schöneberg,030 90277-6900,post.kjpd@ba-ts.berlin.de,https://www.berlin.de/ba-tempelhof-schoeneberg/politik-und-verwaltung/aemter/gesundheitsamt/kinder-und-jugendpsychiatrischer-dienst/,nein,Geschlossen,Geschlossen,Geschlossen,Geschlossen,Geschlossen,Geschlossen,Geschlossen,Bitte Termin vereinbaren: telefonisch,"Unsere Telefonsprechzeiten sind: Mo., Mi., Do. u. Fr. von 9:00 – 12:00 Uhr und Di., Mi. u. Do. von 13:00 – 15:00 Uhr ",52.49854,13.34193,true
89,Sen030,Kinder- und Jugendpsychiatrischer Dienst Treptow-Köpenik,Bezirksamt Treptow-Köpenik,1,Amt,"[""L"",1,3,5,6,2,4,10,11,7,9,12,8,15,16,14,20]",Kinder & Jugendliche,,Niedrig,Deutsch,Keine Angabe,Kinder- und Jugendpsychiatrischer Dienst (KJPD),"Die Kinder- und Jugendpsychiatrischen Dienste bieten Hilfe an bei Problemen des Zusammenlebens mit Kindern und Jugendlichen, insbesondere bei Erziehungsproblemen und Entwicklungsauffälligkeiten. Sie führen auch ärztliche und psychologische Diagnostik durch und unterstützen in Krisen.",Hans-Schmidt-Straße,16,,12489,Treptow-Köpenick,Adlershof,030 90297-4711,kjpd-trepkoep@ba-tk.berlin.de,https://www.berlin.de/ba-treptow-koepenick/politik-und-verwaltung/aemter/gesundheitsamt/artikel.30302.php#kontakt,nein,Geschlossen,Geschlossen,Geschlossen,Geschlossen,Geschlossen,Geschlossen,Geschlossen,Bitte Termin vereinbaren: telefonisch,,52.43438,13.53345,true
90,492,"Klinik für Kinder- und Jugendpsychiatrie, Psychosomatik und Psychtherapie",Helios Klinikum Berlin-Buch GmbH,1,Klinik,"[""L"",1,3,5,6,23,20]",Kinder & Jugendliche,,Niedrig,"Deutsch, Englisch, Russisch","Rollstuhlgerechter Zugang, Rollstuhlgerechte Einrichtung",Pflichtversorgende Klinik,"Wir helfen Kindern und Jugendlichen mit psychischen, psychosomatischen und psychosozialen Problemen. Für kinder- und jugendpsychiatrische Notfälle der Berliner Bezirke Pankow und Reinickendorf sind unsere Experten jederzeit erreichbar.",Schwanebecker Chaussee,50,Haus 211,13125,Pankow,Buch,030 9401-15400,kjp-sekretariat.berlin-buch@helios-gesundheit.de,https://www.helios-gesundheit.de/kliniken/berlin-buch/unser-angebot/unsere-fachbereiche/kinder-und-jugendpsychiatrie-und-psychotherapie/,ja,24 Stunden geöffnet,24 Stunden geöffnet,24 Stunden geöffnet,24 Stunden geöffnet,24 Stunden geöffnet,24 Stunden geöffnet,24 Stunden geöffnet,"Bitte Termin vereinbaren: vor Ort, telefonisch, per Mail, Online",,52.62978,13.50849,true
91,Sen010,"Klinik für Kinder- und Jugendpsychiatrie, Psychotherapie und Psychosomatik - Zentrum für Abhängigkeitserkrankungen des Kindes- und Jugendalters Berlin",Vivantes Netzwerk für Gesundheit GmbH - Klinikum im Friedrichshain und Klinikum Neukölln,1,Klinik,"[""L"",7,1,9,5,4,11,10,8,12,2,3,20]",Kinder & Jugendliche,,Niedrig,"Deutsch, Englisch, Weitere Sprachen mit Sprachmittlung","Rollstuhlgerechter Zugang, Rollstuhlgerechte Einrichtung",Pflichtversorgende Klinik,Die Klinik versorgt im Bezirk Neukölln psychisch kranke und suchtkranke Menschen mit besonders schweren Erkrankungen oder in akuten Notfällen. In allen Berliner Bezirken gibt es an mindestens einem Krankenhaus eine Fachabteilung für Psychiatrie oder ein psychiatrisches Fachkrankenhaus.,Landsberger Allee,49,,10249,Friedrichshain-Kreuzberg,Friedrichshain-Kreuzberg,030 13023-8011,kjp-pia.kfh@vivantes.de,https://www.vivantes.de/klinikum-im-friedrichshain/kinder-jugendpsychiatrie-psychotherapie,ja,24 Stunden geöffnet,24 Stunden geöffnet,24 Stunden geöffnet,24 Stunden geöffnet,24 Stunden geöffnet,24 Stunden geöffnet,24 Stunden geöffnet,"Bitte Termin verinbaren: telefonisch, per Mail, vor Ort","Bei dringenden Fällen, wenden Sie sich an die Rettungsstelle. Kinderrettungsstelle Tel.: 030 130 14 -8250/ -8251 ",52.52449,13.4389,true
92,Sen009,"Klinik für Kinder- und Jugendpsychiatrie, Psychotherapie und Psychosomatik - Zentrum für Abhängigkeitserkrankungen des Kindes- und Jugendalters Berlin",Vivantes Netzwerk für Gesundheit GmbH Klinikum im Friedrichshain,1,Klinik,"[""L"",1,3,5,6,2,4,10,11,7,9,12,8,15,16,14,20]",Kinder & Jugendliche,,Niedrig,Deutsch,Keine Angabe,Pflichtversorgende Klinik,"Die Klinik versorgt in den Bezirken Friedrichshain-Kreuzberg, Mitte, Neukölln und Treptow-Köpenick psychisch kranke und suchtkranke Menschen mit besonders schweren Erkrankungen oder in akuten Notfällen. In allen Berliner Bezirken gibt es an mindestens einem Krankenhaus eine Fachabteilung für Psychiatrie oder ein psychiatrisches Fachkrankenhaus.",Landsberger Allee,49,,10249,Friedrichshain-Kreuzberg,Friedrichshain,"030 13023-8011, 0151 12608412",kjp-pia.kfh@vivantes.de,https://www.vivantes.de/klinikum-im-friedrichshain/fachbereiche/kliniken/kinder-und-jugendpsychiatrie-psychotherapie-und-psychosomatik,ja,24 Stunden geöffnet,24 Stunden geöffnet,24 Stunden geöffnet,24 Stunden geöffnet,24 Stunden geöffnet,24 Stunden geöffnet,24 Stunden geöffnet,"Termine können vereinbart werden: telefonisch, per Mail","In dringenden Fällen, wenden Sie sich an die Rettungsstelle. Wenn Sie eine allgemeine Anfrage haben, rufen Sie unser über den allgemeinen Kontakt an oder stellen Sie eine schriftliche Anfrage. Ärztlicher Bereitschaftsdienst Tel.: 0151 12608412 .",52.52449,13.4389,true
93,Sen004,Jüdisches Krankenhaus Berlin,Stiftung Jüdisches Krankenhaus Berlin,1,Klinik,"[""L"",7,1,6,9,5,4,11,10,12,2,3]",,,Niedrig,"Deutsch, Englisch",Rollstuhlrechter Zugang,Pflichtversorgende Klinik,Unsere Klinik für Psychiatrie und Psychotherapie versorgt nach Maßgabe freier Betten für den gesamten Bezirk Mitte und ganz Berlin psychisch Kranke und suchtkranke Menschen mit besonders schweren Erkrankungen oder in akuten Notfällen.,Heinz-Galinski-Straße,1,Eingang über Haus D,13347,Mitte,Gesundbrunnen,030 4994-2462,psychiatrie-ambulanz@jkb-online.de,https://www.juedisches-krankenhaus.de/home.html,nein,"09:00 - 12:00
13:00 - 16:00","09:00 - 12:00
13:00 - 16:00","09:00 - 12:00
13:00 - 16:00","09:00 - 12:00, 13:00 - 15:00",09:00 - 12:00,Geschlossen,Geschlossen,"Termine können vereinbart werden: telefonisch, per Mail",Telefonische Sprechzeit bereits morgens ab 08:00 Uhr.,52.55594,13.37197,true
94,Sen002,Klinik für Psychiatrie und Psychotherapie,Charité - Universitätsmedizin Berlin Campus Charité Mitte,1,Klinik,"[""L"",1,3,5,6,2,4,10,11,7,9,12,8,15,16,14]",,,Niedrig,Deutsch,Keine Angabe,Pflichtversorgende Klinik,Die Klinik versorgt im Bezirk Mitte psychisch kranke und suchtkranke Menschen mit besonders schweren Erkrankungen oder in akuten Notfällen. In allen Berliner Bezirken gibt es an mindestens einem Krankenhaus eine Fachabteilung für Psychiatrie oder ein psychiatrisches Fachkrankenhaus.,Charitéplatz,1,Geländeadresse: Bonhoefferweg 3,10117,Mitte,Mitte,"030 450517-002, 030 450517-095",igor.sutej@charite.de,https://psychiatrie-psychotherapie.charite.de/,nein,08:30 - 15:00,08:30 - 15:00,08:30 - 15:00,08:30 - 15:00,08:30 - 15:00,Geschlossen,Geschlossen,Termine können vereinbart werden: telefonisch,"Psychiatrische Institutsambulanz (Tel.: 030  450 517-095, Montag - Freitag 08:30 - 16:00 Uhr)",52.52363,13.37819,true
95,Sen097,"Klinik für Psychiatrie, Psychotherapie und Psychosomatik",Friedrich von Bodelschwingh-Klinik,1,Klinik,"[""L"",1,3,5,6,2,4,10,11,7,9,12,8,15,16,14]",,,Niedrig,,Keine Angabe,Pflichtversorgende Klinik,Die Klinik versorgt im Bezirk Wilmersdorf (erweitert um die südliche Region des Ortsteils Charlottenburg) psychisch kranke und suchtkranke Menschen mit besonders schweren Erkrankungen oder in akuten Notfällen. In allen Berliner Bezirken gibt es an mindestens einem Krankenhaus eine Fachabteilung für Psychiatrie oder ein psychiatrisches Fachkrankenhaus.,Landhausstraße," 33-35",,10717,Charlottenburg-Wilmersdorf,Wilmersdorf,030 5472-7901,kliniksekretariat@fvbk.de,https://www.bodelschwingh-klinik.de/index.html,nein,09:00 - 16:00,09:00 - 16:00,09:00 - 16:00,09:00 - 16:00,09:00 - 16:00,Geschlossen,Geschlossen,"Bitte Termin vereinbaren: vor Ort, telefonisch, per Mail",,52.48951,13.32896,true
96,Sen011,Department für seelische Gesundheit,Vivantes Netzwerk für Gesundheit GmbH Klinikum Spandau,1,Klinik,"[""L"",1,3,5,6,2,4,10,11,7,9,12,8,15,16,14]",,,Niedrig,"Arabisch, Deutsch, Englisch, Russisch, Türkisch",Keine Angabe,Pflichtversorgende Klinik,"Das Department für seelische Gesundheit versorgt im Bezirk Spandau psychisch kranke Menschen in akuten Notfällen, oder mit Einweisung stationär, tagesklinisch und ambulant. Die Schwerpunkte liegen auf der Behandlung affektiver Störungen wie Angst- und Depressionsbehandlung, gerontopsychiatrischen Fragestellungen inklusive Frühdiagnostik von Demenzen, sowie der seelischen Frauengesundheit.",Neue Bergstraße,6,"Haus 2 , EG ",13585,Spandau,Spandau,030 13013 3001,infopia.ksp@vivantes.de,https://www.vivantes.de/klinikum-spandau/fachbereiche/kliniken/psychiatrie-psychotherapie-und-psychosomatik,ja,24 Stunden geöffnet,24 Stunden geöffnet,24 Stunden geöffnet,24 Stunden geöffnet,24 Stunden geöffnet,24 Stunden geöffnet,24 Stunden geöffnet,"Termine können vereinbart werden: telefonisch, per Mail",Notfälle (Dienstarzt) 0151 1950 3095.,52.55013,13.207,true
97,Sen008,"Klinik für Psychiatrie, Psychotherapie und Psychosomatik",Vivantes Netzwerk für Gesundheit GmbH Klinikum Am Urban,1,Klinik,"[""L"",7,1,9,23,8,12,2,3]",,,Niedrig,Deutsch,Keine Angabe,Pflichtversorgende Klinik,Die Klinik versorgt im Bezirk Friedrichshain-Kreuzberg psychisch kranke und suchtkranke Menschen mit besonders schweren Erkrankungen oder in akuten Notfällen. In allen Berliner Bezirken gibt es an mindestens einem Krankenhaus eine Fachabteilung für Psychiatrie oder ein psychiatrisches Fachkrankenhaus.,Dieffenbachstraße,1,,10967,Friedrichshain-Kreuzberg,Kreuzberg,"030 13022-6001,  ",ines.hagedorn@vivantes.de,https://www.vivantes.de/klinikum-am-urban/fachbereiche/kliniken/psychiatrie-psychotherapie-und-psychosomatik,Ja,24 Stunden geöffnet,24 Stunden geöffnet,24 Stunden geöffnet,24 Stunden geöffnet,24 Stunden geöffnet,24 Stunden geöffnet,24 Stunden geöffnet,"Termine können vereinbart werden: telefonisch, per Mail",,52.49427,13.4103,true
98,Sen001,"Klinik für Psychiatrie, Psychotherapie und Psychosomatik",Alexianer St. Joseph-Krankenhaus Berlin-Weißensee,1,Klinik,"[""L"",1,3,5,6,2,4,10,11,7,9,12,8,15,16,14]",,,Niedrig,Deutsch,Keine Angabe,Pflichtversorgende Klinik,Die Klinik versorgt im Bezirk Pankow psychisch kranke und suchtkranke Menschen mit besonders schweren Erkrankungen oder in akuten Notfällen. In allen Berliner Bezirken gibt es an mindestens einem Krankenhaus eine Fachabteilung für Psychiatrie oder ein psychiatrisches Fachkrankenhaus.,Gartenstraße,1,,13088,Pankow,Weißensee,030 92790-234,st.joseph-weissensee@alexianer.de,https://www.alexianer-berlin-weissensee.de/leistungen/kliniken/klinik-fuer-psychiatrie-psychotherapie-und-psychosomatik,nein,Geschlossen,Geschlossen,Geschlossen,Geschlossen,Geschlossen,Geschlossen,Geschlossen,"Termine können vereinbart werden: telefonisch, per Mail",Kontakt im NOTFAll: Akutaufnahme des Alexianer St. Joseph-​Krankenhauses Berlin - Weißensee Tel.: 030 92790-​320.,52.55074,13.46795,true
99,386,"Klinik für Psychiatrie, Psychotherapie und Psychosomatik","Vivantes - Klinikum Kaulsdorf, Berlin",1,Klinik,"[""L"",1,3,5,6,2,4,10,11,7,9,12,8,15,16,14]",,,Niedrig,"Deutsch, Arabisch, Bulgarisch, Englisch, Französisch, Polnisch, Russisch, Türkisch","Rollstuhlgerechter Zugang, Rollstuhlgerechte Einrichtung",Pflichtversorgende Klinik,"In der Klinik für Psychiatrie, Psychotherapie und Psychosomatik sind wir für Sie da, um psychische aber auch körperliche Gesundheit zu stärken sowie Leiden zu reduzieren. Im Rahmen des Versorgungsauftrages für den Bezirk Marzahn-Hellersdorf stellen wir individuelle und professionelle Hilfe bei psychischen Krisen und Erkrankungen sicher. Unsere ambulanten, vollstationären und tagesklinischen Therapiemöglichkeiten verbinden Bewährtes mit innovativ Neuem. 
Unser multiprofessionelles Team besteht aus Ärztinnen und Ärzten, Ergo-, Kunst-, Musik- sowie Physio- und Tanztherapeutinnen und –therapeuten, Pflegekräften, Psychologinnen und Psychologen, Sozialarbeiterinnen und Sozialarbeitern. Eigene Krisen- und Behandlungserfahrungen nutzen unsere Genesungsbegleiterinnen (Ex-In) als individuelle therapeutische Ressource.",Myslowitzer Straße,45,,12621,Marzahn-Hellersdorf,Kaulsdorf,030 130173000,psychiatrie.khd@vivantes.de,https://www.vivantes.de/klinikum-kaulsdorf/fachbereiche/kliniken/psychiatrie-psychotherapie-und-psychosomatik,ja,24 Stunden geöffnet,24 Stunden geöffnet,24 Stunden geöffnet,24 Stunden geöffnet,24 Stunden geöffnet,24 Stunden geöffnet,24 Stunden geöffnet,Keine Anmeldung nötig.,24h / 7 Tagen über die Rettungsstelle,52.50717,13.59307,true
100,186,"Klinik für Psychiatrie, Psychotherapie und Psychosomatik",Vivantes Netzwerk für Gesundheit GmbH Auguste-Viktoria-Klinikum,1,Klinik,"[""L"",1,3,5,6,2,4,10,11,7,9,12,8,15,16,14]",,,Niedrig,Deutsch,Keine Angabe,Pflichtversorgende Klinik,"Notdienst 24 Stunden am Tag, auch am Wochenende. 
Öffnungszeiten der Psychiatrischen Institutsambulanz (PIA) s. unter Weitere Öffnungszeiten",Rubensstraße,125,,12157,Tempelhof-Schöneberg,Schöneberg,"030 13020-2749, 030 13020-2871",psychiatrie.avk@vivantes.de,https://www.vivantes.de/auguste-viktoria-klinikum/psychiatrie-psychotherapie-und-psychosomatik,ja,24 Stunden geöffnet,24 Stunden geöffnet,24 Stunden geöffnet,24 Stunden geöffnet,24 Stunden geöffnet,24 Stunden geöffnet,24 Stunden geöffnet,"Bitte Termine können vereinbaren: telefonisch, per Mail",Sprechzeiten der Psychiatrischen Institutsambulanz in Schöneberg: Montag bis Freitag 9:00 Uhr - 12:30 Uhr & 14:00 Uhr - 15:30 Uhr. Tel. (030) 130 20 2871. E-Mail: pia.avk@vivantes.de,52.46296,13.34629,true
101,72,"Klinik für Psychiatrie, Psychotherapie und Psychosomatik","Vivantes Netzwerk für Gesundheit GmbH, Wenckebach-Klinikum",1,Klinik,"[""L"",1,3,5,6,2,4,10,11,7,9,12,8,15,16,14]",,,Niedrig,Deutsch,Rollstuhlgerechter Zugang,Pflichtversorgende Klinik,Die Klinik versorgt im Bezirk Tempelhof psychisch kranke und suchtkranke Menschen mit besonders schweren Erkrankungen oder in akuten Notfällen. In allen Berliner Bezirken gibt es an mindestens einem Krankenhaus eine Fachabteilung für Psychiatrie oder ein psychiatrisches Fachkrankenhaus.,Wenckebachstraße,23,,12099,Tempelhof-Schöneberg,Tempelhof,"030 13019-2304 ",psychiatrie.wbk@vivantes.de,https://www.vivantes.de/wenckebach-klinikum/fachbereiche/kliniken/psychiatrie-psychotherapie-und-psychosomatik,ja,24 Stunden geöffnet,24 Stunden geöffnet,24 Stunden geöffnet,24 Stunden geöffnet,24 Stunden geöffnet,24 Stunden geöffnet,24 Stunden geöffnet,"Bitte Termin vereinbaren: telefonisch, per Mail","Öffnungszeiten der Zentralen Psychiatrischen Aufnahme (ZPA) für Notfälle 24 Std., Montag bis Sonntag. Öffnungszeiten der Psychiatrischen Institutsambulanz (PIA) Montag bis Freitag, Anmeldung erforderlich unter 030 130192481.",52.45904,13.38838,true
102,Sen005,Klinik für seelische Gesundheit im Kindes- und Jugendalter,St. Joseph-Krankenhaus / Tempelhof,1,Klinik,"[""L"",1,3,5,6,2,4,10,11,7,9,12,8,15,16,14,20]",Kinder & Jugendliche,,Niedrig,Deutsch,Keine Angabe,Pflichtversorgende Klinik,Die Klinik versorgt in den Bezirken Tempelhof-Schöneberg und Steglitz-Zehlendorf psychisch kranke und suchtkranke Menschen mit besonders schweren Erkrankungen oder in akuten Notfällen. In allen Berliner Bezirken gibt es an mindestens einem Krankenhaus eine Fachabteilung für Psychiatrie oder ein psychiatrisches Fachkrankenhaus.,Wüsthoffstraße,15,,12101,Tempelhof-Schöneberg,Tempelhof,030 7882 2859,sgkj@sjk.de,https://www.sjk.de/kliniken/klinik-seelische-gesundheit-im-kindes-und-jugendalter.html,ja,24 Stunden geöffnet,24 Stunden geöffnet,24 Stunden geöffnet,24 Stunden geöffnet,24 Stunden geöffnet,24 Stunden geöffnet,24 Stunden geöffnet,"Termine können vereinbart werden: telefonisch, per Mail, Online",,52.47868,13.3728,true
103,309,Kliniken im Theodor-Wenzel-Werk,Theodor-Wenzel-Werk e. V.,1,Klinik,"[""L"",1,3,5,6,2,4,10,11,7,9,12,8,15,16,14]",,,Niedrig,"Deutsch, Englisch","Rollstuhlgerechter Zugang, Rollstuhlgerechte Einrichtung",Pflichtversorgende Klinik,"Die Kliniken im Theodor-Wenzel-Werk gelten mit einer Kapazität von 281 stationären Betten und 66 Therapieplätzen in Tageskliniken als eine der ersten Berliner Adressen für die seelische Gesundheit mit stationärer und teilstationärer Behandlung von psychiatrischen, psychosomatischen und neurologischen Erkrankungen erwachsener Menschen.",Potsdamer Chaussee,69,,14129,Steglitz-Zehlendorf,Nikolassee,030 81090,klinik-info@tww-berlin.de,https://tww-berlin.de/kliniken/,ja,24 Stunden geöffnet,24 Stunden geöffnet,24 Stunden geöffnet,24 Stunden geöffnet,24 Stunden geöffnet,24 Stunden geöffnet,24 Stunden geöffnet,"Bitte Termin vereinbaren: vor Ort, telefonisch, per Mail",,52.42353,13.20461,true
104,339,KOKON Zentrum für ambulante Drogentherapie,KOKON Verein für ambulante Drogentherapie e.V.,1,Beratung,"[""L"",7,9,12,8,24,13]","Divers, LSBTIQ*",,Mittel,"Deutsch, Englisch",Rollstuhlgerechter Zugang,IGPP Handlungsfeld Drogen/Sucht,"Wir unterstützen Menschen mit Drogenproblemen. Spezialisiert sind wir auf stimulierende Drogen, wie Kokain, Amphetamine, Crack, Crystal Meth, MDMA, NPS. Unser ambulantes Therapieprogramm bietet Ihnen Schutz und eine fördernde Umgebung. Sie können in Ihrem Umfeld und in Ihrem Alltag bleiben.",Galvanistraße,14,,10587,Charlottenburg-Wilmersdorf,Charlottenburg,030 2173970,mail@kokon.de,https://www.kokon.de,nein,10:00 - 21:00,10:00 - 18:00,10:00 - 18:00,10:00 - 21:00,10:00 - 16:00,Geschlossen,Geschlossen,"Termine können vereinbart werden: vor Ort, telefonisch, per Mail",,52.51882,13.3159,true
105,63,"Kontakt- und Beratungsstelle ""Das Ufer""",Lebensnähe gGmbH,1,Beratung,"[""L"",1,3,5,6,2,25]",Angehörige,,Mittel,Deutsch,Keine Angabe,Kontakt- und Beratungsstelle,"Die KBS bietet niedrigschwellige Beratungsangebote und die Möglichkeit zur Kontaktgestaltung. Menschen mit psychischen Beeinträchtigungen und deren Angehörige finden Hilfe in besonderen Lebenslagen oder bei Alltagsproblemen.
Neben dem Beratungsangebot werden in der KBS verschiedene Gruppen veranstaltet, z.B. eine Kreativgruppe, eine Gesprächsgruppe etc. Weitere Informationen entnehmen Sie bitte der Internetseite.
Die Beratung ist anonym, kostenfrei und ohne Antrag möglich.",Alt-Marzahn,30a,,12685,Marzahn-Hellersdorf,Marzahn,030 5435102,kbs@lebensnaehe.de,https://lebensnaehe.de/2017/03/26/beratungsstelle/,nein,10:00 - 16:00,10:00 - 16:00,10:00 - 16:00,10:00 - 16:00,10:00 - 16:00,10:30 - 14:00,Geschlossen,Keine Anmeldung nötig.,,52.54341,13.55914,true
106,336,Kontakt- und Beratungsstelle,Albatros gGmbH,1,Beratung,"[""L"",1,3,5,6,2,25]",Angehörige,,Mittel,"Deutsch, Arabisch, Englisch, Italienisch","Rollstuhlgerechter Zugang, Rollstuhlgerechte Einrichtung",Kontakt- und Beratungsstelle,"Zu uns kommen Menschen mit und ohne Migrationshintergrund. Sie sind psychisch krank oder haben andere Probleme. Wir beraten auf Wunsch auch anonym. Auch Angehörige können beraten werden.
Es gibt auch viele verschiedene Gruppenangebote wie: Frühstücksgruppe, Tischtennisgruppe, Kochgruppe, Kreativgruppe, den OffenenTreff und therapeutische Gruppen. Dort können sie mit anderen in Kontakt kommen.",Berliner Straße,16,,13189,Pankow,Pankow,030 47535492,kbs.pankow@albatrosggmbh.de,https://www.albatrosggmbh.de/beratungsstellen/kontakt-und-beratungsstellen/pankow/beschreibung.html,nein,10:00 - 18:00,10:00 - 15:00,10:00 - 18:00,12:00 - 16:00,Geschlossen,Geschlossen,Geschlossen,"Bitte Termin vereinbaren: vor Ort, telefonisch, per Mail",,52.56582,13.41204,true
108,159,Kontakt- und Beratungsstelle,WIB-Weißenseer Integrationsbetriebe GmbH,1,Beratung,"[""L"",1,3,5,7,9,25]",Angehörige,,Mittel,"Deutsch, Englisch, Französisch, Spanisch, Portugiesisch",Rollstuhlgerechter Zugang,Kontakt- und Beratungsstelle,"Die Kontakt- und Beratungsstelle (KBS) ist offen für Menschen, die sich allein fühlen, vielleicht Suchterfahrungen haben und Kontakt oder Unterstützung in ihrer Lebenssituation suchen. Sie ist für Menschen mit und ohne Psychiatrie-Erfahrung sowie mit Migrationserfahrung da. Angehörige, Bekannte und Freunde von psychisch erkrankten Menschen sind ebenfalls willkommen.",Börnestraße,12,,13086,Pankow,Weißensee,030 9253837,info@wib-verbund.de,https://wib-verbund.de/kontakt-und-beratungsstelle-kbs,nein,09:30 - 14:00,09:30 - 16:00,Geschlossen,09:30 - 17:00,Geschlossen,Geschlossen,Geschlossen,"Termine können vereinbart werden: vor Ort, telefonisch, per Mail","Mittwoch und Freitag nach Verinbarung, 1. Sonntag im Monat 14:00 - 17:00",52.54861,13.44774,true
109,66,Kontakt- und Beratungsstelle Binger Club,Pinel gemeinnützige Gesellschaft mbH,1,Beratung,"[""L"",1,3,5,6,2]",,,Mittel,"Deutsch, Englisch, Französisch",Rollstuhlgerechter Zugang,Kontakt- und Beratungsstelle,Der Binger Club ist ein Ort der Begegnung mit Gruppenangeboten. Wir bieten auch Beratungen an und unterstützen bei der Suche nach anderen Hilfen. Die Teilnahme ist kostenfrei und anonym möglich.,Güntzelstraße,4,Eingang Helmstedter Str.,10717,Charlottenburg-Wilmersdorf,Wilmersdorf,030 233216972,binger.club@pinel.de,https://www.pinel.de,nein,10:00 - 18:00,12:00 - 18:00,10:00 - 16:00,12:00 - 19:00,10:00 - 18:00,Geschlossen,Geschlossen,"Termine können vereinbart werden: vor Ort, telefonisch, per Mail",Jeden 2. und 4. Sonntag im Monat wechselnde Öffnungszeiten.,52.49085,13.3346,true
111,132,Kontakt- und Beratungsstelle Friedrichshain,KommRum e.V.,1,Beratung,"[""L"",1,3,5,6,2]",,,Mittel,"Deutsch, Englisch, Spanisch,  Niederländisch",Rollstuhlgerechter Zugang,Kontakt- und Beratungsstelle,"In unseren Kontakt- und Beratungsstellen finden Sie Unterstützung, wenn Sie auf der Suche nach Kontakten sind oder sich in einer schwierigen Lebenslage befinden. In unserem Café ergeben sich Kontakte zu anderen Menschen in ähnlichen Situationen. Wir bieten einen offenen Raum für den Austausch untereinander. Unsere meist kostenlosen Gruppenangebote zur Freizeitgestaltung schaffen Gelegenheiten, sich selbst und andere besser kennenzulernen.",Straßmannstraße,17,,10249,Friedrichshain-Kreuzberg,Friedrichshain,030 80406660,kbs-fhainkreuzberg@kommrum.de,https://kommrum.de/de/kontakt-und-beratungsstellen/friedrichshain/,nein,Geschlossen,14:00 - 19:00,14:00 - 19:00,14:00 - 19:00,14:00 - 19:00,Geschlossen,Geschlossen,Keine Anmeldung nötig.,,52.52218,13.44926,true
112,144,Kontakt- und Beratungsstelle für Geflüchtete,Reha-Steglitz gGmbH,1,Beratung,"[""L"",1,3,5,6,2,22]",Migration & Flucht,,Mittel,"Deutsch, Arabisch, Englisch, Russisch, Türkisch, Farsi, Dari, Paschtu","Rollstuhlgerechter Zugang, Rollstuhlgerechte Einrichtung",Kontakt- und Beratungsstelle,"Unsere KBS ist ein niedrigschwelliger, anonymer Anlaufpunkt für Menschen mit Fluchterfahrung, die psychisch belastet und in ihrer Teilhabe an der Gesellschaft eingeschränkt sind. Sie bietet u.a. Hilfe bei persönlichen Problemen, Unterstützung bei administrativen Abläufen und Weitervermittlung an andere Fachstellen. Es werden zudem regelmäßige Gruppen und Ausflüge angeboten.",Leonorenstraße,22,,12247,Steglitz-Zehlendorf,Lankwitz,030 235953450,fluechtlingsarbeit@reha-steglitz.de,https://reha-steglitz.de/,nein,Geschlossen,Geschlossen,14:00 - 17:00,Geschlossen,Geschlossen,Geschlossen,Geschlossen,"Bitte Termin vereinbaren: vor Ort, telefonisch, per Mail",Weitere Termine nach individueller Vereinbarung möglich.,52.44366,13.34002,true
113,150,Kinderhilfe Hilfe für krebs- und schwerkranke Kinder e.V.,Kinderhilfe e.V.,1,Beratung,"[""L"",16,20]",Kinder & Jugendliche,,Hoch,Deutsch,Rollstuhlgerechter Zugang,IGPP Handlungsfeld Besondere Bedarfslagen,,Alt-Hermsdorf,38,,13467,Reinickendorf,,030 58582022,info@kinderhilfe-ev.de,https://kinderhilfe-ev.de/projekte-angebote/beratung/,nein,Geschlossen,Geschlossen,Geschlossen,Geschlossen,Geschlossen,Geschlossen,Geschlossen,"Bitte Termin vereinbaren: telefonisch, per Mail, Online",Termine nach Vereinbarung.,52.61599,13.31777,true
114,356,Kontakt- und Beratungsstelle im Tageszentrum (Treffpunkt),Platane 19 gGmbH,1,Beratung,"[""L"",1,3,5,6,2]",,,Mittel,"Deutsch, Arabisch",Keine Angabe,Kontakt- und Beratungsstelle,"Menschen mit psychischen Problemen und Erkrankungen, die Unterstützung bei der Tagesstrukturierung oder Kontaktfindung bzw. Beratung benötigen. Das Treffpunkt-Café findet vormittags und nachmittags statt. Vielfältige Gruppenangebote wie Walking, Kunstgruppe, Gesangsgruppe, Aktivgruppe.

Gruppenangebote, Beratung und Begleitung fürGeflüchtete mit psychischen Belastungen (ggf. auch mit Sprachmittler*in).",Gierkezeile,5,,10585,Charlottenburg-Wilmersdorf,Charlottenburg,"030 330065-040, 030 330065-045",tageszentrum@platane19.de,https://www.platane19.de,nein,"10:00 - 13:00
16:00 - 18:00","10:00 - 13:00
16:00 - 18:00","10:00 - 13:00
16:00 - 18:00","10:00 - 13:00
16:00 - 18:00","10:00 - 13:00
16:00 - 18:00",Geschlossen,14:30 - 15:30,"Bitte Termin vereinbaren: vor Ort, telefonisch, per Mail",,52.5136,13.30289,true
116,Sen057,Kontakt- und Beratungsstelle Köpenick,Das fünfte Rad e.V.,1,Beratung,"[""L"",1,3,5,6,2]",,,Mittel,Deutsch,Keine Angabe,Kontakt- und Beratungsstelle,,Schillerpromenade,2-4,,12459,Treptow-Köpenick,,030 6554099,kbskoepenick@das-fuenfte-rad-ev.de,https://www.das-fuenfte-rad-ev.de/kontakt-beratung.html,nein,11:00 - 17:00,10:30 - 17:00,10:00 - 18:00,14:00 - 17:00,10:00 - 16:00,Geschlossen,15:00 - 18:00,"Termine können vereinbart werden: vor Ort, telefonisch, per Mail",,52.46339,13.51764,true
117,9,Kontakt- und Beratungsstelle Moabit,Psychosoziale Initiative Moabit e.V.,1,Beratung,"[""L"",1,3,5,6,2]",,,Mittel,"Deutsch, Arabisch, Englisch, Weitere Sprachen mit Sprachmittlung",Rollstuhlgerechter Zugang,Kontakt- und Beratungsstelle,Wir beraten zu psychologischen und sozialen Fragen. Unsere Angebote sind kostenlos und auf Wunsch auch anonym. Wir können Sie auf vielen Sprachen auch mit Sprachmittlung beraten und kümmern uns um Übersetzung. Auch telefonische Beratung ist möglich.,Waldstraße,7,,10551,Mitte,Moabit,030 39731322,kbs@pim-berlin.de,https://www.waldstrasse7.de/,nein,09:30 - 16:30,09:30 - 16:30,09:30 - 16:30,09:30 - 16:30,09:30 - 16:30,Geschlossen,Geschlossen,"Termine können vereinbart werden: vor Ort, telefonisch, per Mail",,52.52851,13.33119,true
118,Sen054,Kontakt- und Beratungsstelle Tegel,Albatros gGmbH,1,Beratung,"[""L"",1,3,5,6,2]",,,Mittel,"Deutsch, Englisch, Türkisch, Arabisch, Französisch, Farsi, Dari",Keine Angabe,Kontakt- und Beratungsstelle,,Berliner Straße,14,,13507,Reinickendorf,,"030 31983122-2, 030 31983122-1","kbs.tegel@albatrosggmbh.de ",https://www.albatrosggmbh.de/beratungsstellen/kontakt-und-beratungsstellen/tegel/beschreibung.html,nein,Geschlossen,16:00 - 19:00,13:00 - 16:00,14:00 - 19:00,13:00 - 16:00,Geschlossen,15:00 - 18:00,Keine Anmeldung nötig.,Zusätzlich zu den Treffpunktzeiten erreichen Sie uns telefonisch von Montag bis Freitag von 10.00 bis 16.00 Uhr.,52.58729,13.28564,true
119,Sen052,Kontakt- und Beratungsstelle Tempelhof,Die Kurve gGmbH,1,Beratung,"[""L"",1,3,5,6,2]",,,Mittel,"Deutsch, Englisch, Farsi, Dari und etwas Arabisch","Rollstuhlgerechter Zugang, Rollstuhlgerechte Einrichtung",Kontakt- und Beratungsstelle,"Die Kontakt- und Beratungsstelle Tempelhof ist eine psychosoziale Beratungsstelle für Menschen in Krisensituationen. Wir beraten Menschen, die in schwierigen Lebenssituationen sind und nach Orientierung und Unterstützung suchen. Wir informieren auch über weitergehende Hilfen. Insbesondere sind wir für Menschen mit eigener Psychiatrieerfahrung und deren Angehörigen da. Wir unterstützen Sie, Ihren eigenen Weg zu gehen.",Forddamm,1,,12107,Tempelhof-Schöneberg,,030 74006314,kbs@die-kurve.de,https://die-kurve.de/kontakt-und-beratungsstelle/,nein,12:00 - 16:00,12:00 - 16:00,12:00 - 14:00,12:00 - 16:00,Geschlossen,Geschlossen,13:00 - 16:00,Keine Anmeldung nötig.,,52.43911,13.38292,true
120,Sen058,Kontakt- und Beratungsstelle TERRA,Unionhilfswerk Sozialeinrichtungen gGmbH,1,Beratung,"[""L"",1,3,5,6,2]",,,Mittel,Deutsch,Keine Angabe,Kontakt- und Beratungsstelle,,Herzbergstraße,7/8,,12055,Neukölln,,030 6871977,kbs@nk.unionhilfswerk.de,https://www.unionhilfswerk.de/angebote/psychiatrische-begleitung/kontakt-und-beratungsstellen/,nein,10:00 - 16:00,10:00 - 16:00,10:00 - 16:00,10:00 - 16:00,10:00 - 16:00,Geschlossen,Geschlossen,"Termine können vereinbart werden: vor Ort, telefonisch, per Mail",,52.47635,13.44794,true
121,530,Kontakt- und Beratungsstelle Treffpunkt Borkumer Straße,ginko Berlin gGmbH,1,Beratung,"[""L"",1,3,5,6,2]",,,Mittel,"Deutsch, Englisch, Französisch, Hebräisch, Arabisch, Farsi, Dari (Persisch)","Rollstuhlgerechter Zugang, Rollstuhlgerechte Einrichtung",Kontakt- und Beratungsstelle,"Die KBS „Treffpunkt Borkumer Straße“ ist vom Spandauer S-Bahnhof in wenigen Minuten zu Fuß erreichbar. Unsere pädagogischen Mitarbeiter*innen stehen Ihnen als Ansprechpartner*innen zur Verfügung. Wir begleiten den Offenen Treff, verschiedene Gruppenangebote und bieten Ihnen auch Unterstützung und Beratung im Einzelgespräch.",Borkumer Straße,19,,13581,Spandau,Spandau,030 3331055,tb@ginko-berlin.de,https://www.ginko-berlin.de/angebote/treffpunkt-borkumer-strasse/wer-wir-sind,nein,13:00 - 17:00,13:00 - 16:00,11:00 - 20:00,12:00 - 19:00,11:00 - 20:00,Geschlossen,14:00 - 17:00,"Termine können vereinbart werden: vor Ort, telefonisch, per Mail","Telefonische Erreichbarkeit: Montag-Freitag: 09:00 - 16:30 Uhr. Gesprächstermine können vereinbart werden: telefonisch, per Mail oder vor Ort.",52.53208,13.19673,true
122,Sen048,Kontakt- und Beratungsstelle Treffpunkt Mexikoplatz,Perspektive Zehlendorf e.V.,1,Beratung,"[""L"",1,3,5,6,2,22]",Migration & Flucht,,Mittel,"Deutsch, Englisch, Arabisch, Kurdisch, Persisch, Weitere Sprachen mit Sprachmittlung",Keine Angabe,Kontakt- und Beratungsstelle,,Machnower Straße,27 a,,14165,Steglitz-Zehlendorf,,"030 86803793-190, 030 86803793-192",pz@perspektive-zehlendorf.de,https://www.perspektive-zehlendorf.de/de/beratung-und-betreuung/kontakt-und-beratungsstelle/arbeit-mit-gefluechteten.php,nein,11:30 - 13:00; 13:30 - 15:00,14:00 - 15:00,11:30 - 13:00; 13:30 - 15:00,13:30 - 14:30,Geschlossen,Geschlossen,Geschlossen,Keine Anmeldung nötig.,,52.4279,13.25552,true
124,Sen085,Kontakt-Café in Tempelhof-Schöneberg,Notdienst für Suchtmittelgefährdete und -abhängige Berlin e. V.,1,Beratung,"[""L"",7,9,12,8]",,,Mittel,"Deutsch, Englisch",Keine Angabe,IGPP Handlungsfeld Drogen/Sucht,,Bülowstraße,106,,10783,Tempelhof-Schöneberg,,030 233240200,streetwork@notdienstberlin.de,https://drogennotdienst.de/angebote/beratung-und-reha/streetwork/,nein,11:00 - 17:00,12:00 - 17:00,11:00 - 17:00,11:00 - 17:00,11:00 - 17:00,Geschlossen,Geschlossen,Keine Anmeldung nötig.,Do und Fr medizinische Sprechstunde: 13:00 - 15:00 Uhr,52.4996,13.35525,true
125,204,Kontaktstelle Druckausgleich mit Drogenkonsumraum,Fixpunkt gGmbH,1,Beratung,"[""L"",9]",,,Mittel,"Deutsch, Englisch","Rollstuhlgerechter Zugang, Rollstuhlgerechte Einrichtung",IGPP Handlungsfeld Drogen/Sucht,"Druckausgleich ist eine Kontaktstelle mit integriertem Konsumraum für drogenabhängige Menschen, die in erster Linie illegale und sogenannte harte Drogen konsumieren.

Zu den Zielgruppen des Druckausgleich zählen Drogenkonsument*innen, die von anderen Einrichtungen der Drogenhilfe noch nicht oder nicht mehr erreicht werden. Dies gilt insbesondere für psychosozial verelendete, langjährige Drogenabhängige mit einem in der Regel polytoxikomanen Konsummuster, für drogenkonsumierende Menschen mit extremen psychischen Auffälligkeiten sowie Personen mit infektiösen Krankheitsmustern (HIV; Hepatitis; u.a.).",Karl-Marx-Straße,202,,12055,Neukölln,Neukölln,030 6929198,druckausgleich@fixpunktggmbh.org,htttps://www.fixpunktggmbh.org,nein,10:30 - 18:00,10:30 - 18:00,12:00 - 18:00,10:30 - 18:00,10:30 - 18:00,12:00 - 18:00,Geschlossen,Keine Anmeldung nötig.,,52.47198,13.44094,true
126,210,Kontaktstelle Kotti mit Drogenkonsumraum,Fixpunkt gGmbH,1,Beratung,"[""L"",9]",,,Mittel,"Deutsch, Englisch, Polnisch, Russisch","Rollstuhlgerechter Zugang, Rollstuhlgerechte Einrichtung",IGPP Handlungsfeld Drogen/Sucht,"Kotti ist eine Kontaktstelle mit integriertem Konsumraum für drogenabhängige Menschen, die in erster Linie illegale und sogenannte harte Drogen konsumieren.

Zu den Zielgruppen des Kotti zählen Drogenkonsument*innen, die von anderen Einrichtungen der Drogenhilfe noch nicht oder nicht mehr erreicht werden. Dies gilt insbesondere für psychosozial verelendete, langjährige Drogenabhängige mit einem in der Regel polytoxikomanen Konsummuster, für drogenkonsumierende Menschen mit extremen psychischen Auffälligkeiten sowie Personen mit infektiösen Krankheitsmustern (HIV; Hepatitis; u.a.).",Reichenberger Straße,176,,10999,Friedrichshain-Kreuzberg,Kreuzberg,030 81003565,kotti@fixpunktggmbh.org,htttps://www.fixpunktggmbh.org,nein,10:15 - 17:30,10:15 - 17:30,13:00 - 18:00,10:15 - 17:30,10:15 - 17:30,10:15 - 17:30,10:15 - 17:30,Keine Anmeldung nötig.,Gesetzliche Feiertage 10:15 - 17:30,52.49975,13.41704,true
127,201,Kontaktstelle SKA mit Drogenkonsumraum,Fixpunkt gGmbH,1,Beratung,"[""L"",9]",,,Mittel,"Deutsch, Englisch","Rollstuhlgerechter Zugang, Rollstuhlgerechte Einrichtung",IGPP Handlungsfeld Drogen/Sucht,"SKA ist eine Kontaktstelle mit integriertem Konsumraum für drogenabhängige Menschen, die in erster Linie illegale und sogenannte harte Drogen konsumieren.Zu den Zielgruppen der SKA zählen Drogenkonsument*innen, die von anderen Einrichtungen der Drogenhilfe noch nicht oder nicht mehr erreicht werden. Dies gilt insbesondere für psychosozial verelendete, langjährige Drogenabhängige mit einem in der Regel polytoxikomanen Konsummuster, für drogenkonsumierende Menschen mit extremen psychischen Auffälligkeiten sowie Personen mit infektiösen Krankheitsmustern (HIV; Hepatitis; u.a.)",Reichenberger Straße,131,,10999,Friedrichshain-Kreuzberg,Kreuzberg,030 6146099,ska@fixpunktggmbh.org,htttps://www.fixpunktggmbh.org,nein,11:00 - 22:00,11:00 - 22:00,11:00 - 22:00,11:00 - 22:00,11:00 - 22:00,Geschlossen,Geschlossen,Keine Anmeldung nötig.,"Mo nur Frauen 14:00 - 17:30 Uhr, Pausenzeit 17:30 - 18:00",52.49602,13.42942,true
128,162,Kontakt-und Beratungsstelle,Pinel gGmbH,1,Beratung,"[""L"",1,3,5,6,2]",,,Mittel,"Deutsch, Russisch, Weitere Sprachen mit Sprachmittlung",Keine Angabe,Kontakt- und Beratungsstelle,Die KBS sind Treffpunkte für Menschen mit psychischen Problemen. Sie bieten die Möglichkeiten zur Begegnung und Austausch mit Betroffenen und Profis. Sie ermöglichen unbürokratischen und auf Wunsch anonymen Zugang zum psychiatrischen Hilfesystem und beraten zu Möglichkeiten der Selbsthilfe. Ebenso haben sie ein breit gefächertes Angebot zur Freizeitgestaltung.,Ebersstraße,67,,10827,Tempelhof-Schöneberg,Schöneberg,030 3233216850,,https://www.pinel.de/angebote/kontakt-und-beratungsstelle/,nein,10:00 - 17:00,10:00 - 17:30,10:00 - 16:00,10:00 - 16:00,10:00 - 17:00,Geschlossen,Geschlossen,"Bitte Termin vereinbaren: vor Ort, telefonisch",,52.47921,13.35,true
129,480,Krebsberatung Berlin,Psychosoziale Beratungsstelle für Krebskranke und Angehörige e.V.,1,Beratung,"[""L"",1,3,5,6,16]",,,Mittel,"Deutsch, Englisch, Polnisch",Keine Angabe,IGPP Handlungsfeld Besondere Bedarfslagen,"Wir beraten Menschen, die an Krebs erkrankt sind und ihre Angehö­rigen. Wir bieten Einzelberatungen im persönlichen-, telefonischen, oder videotelefonischen Settings auf Deutsch, Polnisch und Englisch. Außerdem werden eine Reihe verschiedener Gruppenangebote von den MitarbeiterInnen geschaffen, welche nach Bedarf regelmäßig aktualisiert werden.",Dernburgstraße,59,,14057,Charlottenburg-Wilmersdorf,Charlottenburg,030 8940-9040,kontakt@krebsberatung-berlin.de,https://krebsberatung-berlin.de/,nein,09:00 - 17:00,09:00 - 17:00,09:00 - 17:00,09:00 - 17:00,09:00 - 17:00,Geschlossen,Geschlossen,"Bitte Termin vereinbaren: telefonisch, per Mail","Telefonische Sprechzeiten für Anliegen und Terminvergabe zusätzlich zum Emailkontakt: Mo, Di, Do und Fr 11:00 - 13:00 Uhr Mi 15:00 - 17:00 Uhr.",52.50609,13.28349,true
130,36,Kreuzberger Alkohol- und Medikamentenberatungsstelle,Diakonisches Werk Berlin Stadtmitte e.V.,1,Beratung,"[""L"",7,12,25]",Angehörige,,Mittel,"Deutsch, Englisch",Rollstuhlgerechter Zugang,Alkohol- und Medikamentenberatungsstelle,"Die Beratungsstelle ist Anlaufstelle bei Fragen und Problemen mit Alkohol und Medikamenten, für Suchtgefährdete und -abhängige (man muss nicht abstinent sein oder es werden wollen) und für Angehörige, die sich Sorgen wegen des Suchtmittelkonsums eines Partners, Elternteils, Kindes oder Freundes/in machen. Auch Fachkräfte aus dem Sozial- und dem Gesundheitsbereich oder Arbeitgeber können sich an uns wenden.",Segitzdamm,46,,10969,Friedrichshain-Kreuzberg,Kreuzberg,030 6143056,suchtberatung@diakonie-stadtmitte.de,https://www.diakonie-stadtmitte.de,nein,09:00 - 12:00,"09:00 - 12:00 
16:00 - 18:00",Geschlossen,09:00 - 12:00,09:00 - 12:00,Geschlossen,Geschlossen,"Bitte Termin vereinbaren: vor Ort, telefonisch, per Mail",,52.49806,13.41194,true
131,270,Landesverband Berlin e.V. Angehörige psychisch erkrankter Menschen (ApK – LV Berlin e.V.),Landesverband Berlin e.V. Angehörige psychisch erkrankter Menschen (ApK – LV Berlin e.V.),1,Beratung,"[""L"",1,3,5,6,25]",Angehörige,,Mittel,"Deutsch, Arabisch, Bulgarisch, Englisch, Französisch, Kurdisch, Polnisch, Rumänisch, Russisch, Türkisch",Keine Angabe,IGPP Handlungsfeld Besondere Bedarfslagen,"Als Selbsthilfeorganisation sind wir in Berlin Ansprechpartner für Angehörige von Menschen mit psychischen Krisen – Selbsthilfegruppen, Beratung, Infoveranstaltungen. 
Außerdem setzen wir uns für die Interessen der Angehörigen politisch ein.",Mannheimer Straße,32,,10713,Charlottenburg-Wilmersdorf,Wilmersdorf,030 86395701,info@apk-berlin.de,https://www.apk-berlin.de,nein,10:00 - 16:00,10:00 - 16:00,10:00 - 16:00,10:00 - 16:00,10:00 - 16:00,Geschlossen,Geschlossen,"Termine können vereinbart werden: vor Ort, telefonisch",,52.48738,13.31583,true
132,605,"LARA e.V. - Fachstelle gegen sexualisierte Gewalt an Frauen, trans*, inter* und nicht-binäre Personen",LARA - Verein gegen sexuelle Gewalt an Frauen e.V.,1,Beratung,"[""L"",23,17,13,24]","Frauen, LSBTIQ*, Divers",,Hoch,"Deutsch, Arabisch, Englisch, Französisch, Polnisch, Russisch, Türkisch, Weitere Sprachen mit Sprachmittlung",Rollstuhlgerechter Zugang,Kontakt- und Beratungsstelle,"Persönliche und telefonische Beratung für Frauen, trans*, inter* und nicht-binäre Personen, die von sexualisierter Gewalt betroffen sind, Hotline, Gruppenangebote, Fortbildung.",Fuggerstr.,19,,10777,Tempelhof-Schöneberg,Schöneberg,030 2168888,beratung@lara-berlin.de,https://www.lara-berlin.de,nein,09:00 - 18:00,09:00 - 18:00,09:00 - 18:00,09:00 - 18:00,09:00 - 18:00,Geschlossen,Geschlossen,"Termine können vereinbart werden: vor Ort, telefonisch, per Mail",,52.4987217,13.3453621,true
133,494,Lesbenberatung - Psychosozialer Bereich / Bereich psychische Gesundheit,Lesbenberatung Berlin e.V.,1,Beratung,"[""L"",3,5,6,16,23,17,20,22,13,24,21,25]","Frauen, Kinder & Jugendliche, Migration & Flucht, LSBTIQ*, Divers, Senioren, Angehörige",,Niedrig,"Deutsch, Englisch, Französisch, Kurdisch, Polnisch, Russisch, Farsi, Ukrainisch, Spanisch, weitere Sprachen mit Sprachmittlung","Rollstuhlgerechter Zugang, Rollstuhlgerechte Einrichtung",IGPP Handlungsfeld Besondere Bedarfslagen,"Die Lesbenberatung bietet für lesbische, trans*, inter*, nicht-binäre und queere Menschen Beratung an zu verschiedenen Themen und in Krisen-Situationen. Außerdem gibt es eine Gruppe für junge queere Menschen, die Young + Queer-Gruppe (16-27 Jahre). Es gibt auch eine Bibliothek und auch Workshops und Veranstaltungen.",Kulmer Straße,20a,"2. Hinterhof, 4. Stock",10783,Tempelhof-Schöneberg,Schöneberg,030 215-2000,info@lesbenberatung-berlin.de,https://www.lesbenberatung-berlin.de,nein,Geschlossen,14:00 - 17:00,"10:00 - 13:00
14:00 - 17:00",Geschlossen,Geschlossen,Geschlossen,Geschlossen,"Termine können vereinbart werden: vor Ort, telefonisch, per Mail",,52.49198,13.3646,true
134,315,Login: Suchtberatung in Charlottenburg-Wilmersdorf,Notdienst für suchtmittelgefährdete und –abhängige Berlin e.V.,1,Beratung,"[""L"",10,11,7,9,8,20]",Kinder & Jugendliche,,Mittel,"Deutsch, Englisch, Französisch",Rollstuhlgerechter Zugang,IGPP Handlungsfeld Drogen/Sucht,"Als regionaler Suchthilfeträger wendet sich das LogIn an Jugendliche und Erwachsene mit einer Suchtproblematik aus dem Bezirk Charlottenburg-Wilmersdorf. Wir helfen in akuten Krisen, entwickeln gemeinsam realistische Ausstiegsmöglichkeiten.",Kaiser-Friedrich-Straße,82,,10585,Charlottenburg-Wilmersdorf,Charlottenburg,030 233240300,login@notdienstberlin.de,https://drogennotdienst.de/angebote/beratung-und-reha/login/,nein,12:00 - 17:00,11:00 - 19:00,10:00 - 18:00,10:00 - 18:00,10:00 - 16:00,Geschlossen,Geschlossen,Keine Anmeldung nötig.,,52.5125,13.30163,true
135,572,Manet-Club,"Pinel gemeinnützige Gesellschaft mbh, Initiative für psychisch Kranke",1,Beratung,"[""L"",1,3,5,6,2]",,,Mittel,"Deutsch,Arabisch,Englisch,Farsi",Keine Angabe,Kontakt- und Beratungsstelle,Unsere Räume und Angebote sind für alle Menschen offen. Wir helfen bei ganz vielen Problemen. Alles ist freiwillig.,Große-Leege-Straße,97-98,,13055,Lichtenberg,Alt-Hohenschönhausen,030 233216640,manet-club@pinel.de,https://www.pinel.de,nein,13:00 - 18:00,12:30 - 18:00,Geschlossen,12:00 - 18:00,Geschlossen,Geschlossen,Geschlossen,Keine Anmeldung nötig.,"Mittwochs ist unser Ausflugstag (Informationen finden Sie in unserem Programm), Freitag gibt es von 9:00 - 14:00 Uhr eine telefonische Beratung, 1 Mal im Monat findet von 14.00 - 17.00 Uhr ein Sontags-Café statt",52.54423583,13.49868683,true
136,321,Mann-O-Meter - Berlins schwuler Checkpoint,Mann-O-Meter e.V.,1,Beratung,"[""L"",1,3,9,15,18,24,13]","Männer, Divers, LSBTIQ*",,Mittel,"Deutsch, Arabisch, Englisch, Französisch","Rollstuhlgerechter Zugang, Rollstuhlgerechte Einrichtung",IGPP Handlungsfeld Sexuell übertragbare Infektionen,"Mann-O-Meter, Berlins schwuler Checkpoint, ist ein Ort für schwule  und andere queere Männer. Wir bieten Beratung, Gruppen, Testungen auf sexuell übertragbare Krankheiten, einen offenen Café-Bereich, Freizeitgruppen und vieles mehr. Mehr Informationen finden sich unter www.mann-o-meter.de",Bülowstraße,106,,10783,Tempelhof-Schöneberg,Schöneberg,030 2168008,info@mann-o-meter.de,https://www.mann-o-meter.de,nein,17:00 - 22:00,17:00 - 22:00,17:00 - 22:00,17:00 - 22:00,17:00 - 22:00,16:00 - 20:00,Geschlossen,Keine Anmeldung nötig.,,52.4996,13.35525,true
137,601,Messenger-Ratgeber des Präventionszentrums für Verhaltenssüchte Berlin,pad gGmbH,1,Online,"[""L"",10,11]",,,Mittel,"Deutsch, Englisch, Sonstige",Rollstuhlgerechter Zugang,Sonstiges von der SenWGP gefördertes Projekt,"Bei Fragen zu den Themen Glücksspiel, Gaming, Social Media oder anderen Verhaltenssüchten können Sie uns jederzeit über unseren Messenger-Ratgeber via WhatsApp oder Signal schreiben.",Schivelbeiner Str.,6,,10434,Pankow,Prenzlauer Berg,0152 56180285,info@pzvs.berlin,https://www.pzvs.berlin,ja,24 Stunden geöffnet,24 Stunden geöffnet,24 Stunden geöffnet,24 Stunden geöffnet,24 Stunden geöffnet,24 Stunden geöffnet,24 Stunden geöffnet,Keine Anmeldung nötig.,Montag bis Freitag 24 Stunden erreichbar,52.55120105,13.41199733,true
138,Sen060,Mitte niedrigschwellige Suchthilfe,"Fixpunkt  e.V. ",1,Beratung,"[""L"",7,9,12,8,6]",,,Mittel,Deutsch,Keine Angabe,Kontakt- und Beratungsstelle,,Utrechter Straße,44,Standort: Turinerstraße/Schulstraße (Leopoldplatz),13347,Mitte,,030 40995151,mitte@fixpunkt.org,https://www.fixpunkt.org/mitte-stadt-fuer-alle/,nein,12:00 - 16:00,12:00 - 16:00,12:00 - 16:00,12:00 - 16:00,12:00 - 16:00,Geschlossen,Geschlossen,Keine Anmeldung nötig.,,52.5507,13.36139,true
139,Sen063,Mobiles Lotsenteam,Evangelisches Waldkrankenhaus Spandau,1,Beratung,"[""L"",1,3,5,6,14,22,20,25]","Migration & Flucht, Kinder & Jugendliche, Angehörige",,Mittel,"Deutsch, Englisch, Arabisch, Farsi",Keine Angabe,Sonstiges von der SenWGP gefördertes Projekt,"Die Arbeit des Projektes unterstützt die Integration von geflüchteten Schwangeren und Kindern bis 12 Jahren im Bezirk Spandau ins deutsche Gesundheitssystem. Sowohl Einzelfallberatungen als auch Gruppenangebote (z.B. Infonachmittage) gehören zu den Angeboten, welche an unterschiedlichen Standorten im Bezirk stattfinden.",Stadtrandstraße,555,,13589,Spandau,,030 3702-2174,lotsenteam.waldkrankenhaus@jsd.de,https://www.johannesstift-diakonie.de/medizinische-versorgung/evangelisches-waldkrankenhaus-spandau/behandlung/kinder-jugendmedizin/fruehe-hilfen#c8318,nein,Geschlossen,Geschlossen,Geschlossen,Geschlossen,Geschlossen,Geschlossen,Geschlossen,Keine Anmeldung nötig.,"Telefonische Erreichbarkeit montags – freitags von 9 bis 13 Uhr; vor-Ort-Beratung bei stationärem Aufenthalt im Ev. Waldkrankenhaus (Geburtshilfe) Montag, Mittwoch und Freitag; Beratung an anderen Standorten im Bezirk Spandau nach Vereinbarung.",52.563,13.15694,true
140,428,Mobiles Team für Geflüchtete in Tempelhof-Schöneberg,"KommRum e.V., die Kurve GmbH",1,Beratung,"[""L"",1,3,5,2,23,22]",Migration & Flucht,,Mittel,"Deutsch, Englisch, Farsi, Dari",Keine Angabe,Kontakt- und Beratungsstelle,"Im Bezirk Tempelhof-Schöneberg stellen wir durch eine aufsuchende Beratung, sowie verschiedene Gruppenangebote die Vernetzung zwischen Flüchtlingsunterkünften und der psychiatrisch-psychosozialen Versorgung sicher. Hierzu kooperieren wir mit anderen Anbietern.

Unsere Mitarbeiter_innen verfügen meist über eine eigene Migrationserfahrung, eine vorhandene englische und persische sowie Dari - Sprachkompetenz kann im Bedarfsfall durch den Einsatz von Sprachmittlern ergänzt werden.",Schnackenburgstraße,4,,12159,Tempelhof-Schöneberg,Friedenau,0157 74916697,mobiles-team-ts@kommrum.de,https://kommrum.de/de/hilfen-fuer-gefluechtete/,nein,09:00 - 18:00,09:00 - 18:00,09:00 - 18:00,09:00 - 18:00,09:00 - 18:00,Geschlossen,Geschlossen,"Bitte Termin vereinbaren: telefonisch, per Mail",,52.47457,13.33412,true
142,81,Mobilix-Test it - Kontaktmobil Görlitzer Park,Fixpunkt e. V.,1,Beratung,"[""L"",9,15,22]",Migration & Flucht,,Mittel,"Deutsch, Arabisch, Englisch, Italienisch, Mandinka, Woloff, Fula, Bambara, Swahili",Keine Angabe,IGPP Handlungsfeld Sexuell übertragbare Infektionen,"Das Mobilix-Test it Kontaktmobil bietet medizinische und soziale Aufklärung, Beratung und Vermittlung zu HIV/Virushepatitiden und bei Gesundheitsproblemen. Anonym werden Schnelltests auf HIV und Hepatitis C durchgeführt. Ärztliche Sprechstunden finden derzeit nicht regelmäßig statt. Bei medizinischem Versorgungsbedarf erfolgt Navigation/Begleitung mit Sprachmittlung und eine Kooperation mit der Clearingstelle für Nichtversicherte.",Görlitzer Park,,"Höhe Lübbener Straße, an der ""Platte""",10999,Friedrichshain-Kreuzberg,Kreuzberg,0170 7948750,goerli@fixpunkt.org,https://www.fixpunkt.org,nein,09:30 - 17:00,Geschlossen,09:30 - 17:00,Geschlossen,09:30 - 17:00,Geschlossen,Geschlossen,Keine Anmeldung nötig.,"Mo und Do Beratung von 09:30 - 17:00. Arzt/Ärztin ist nicht regelmäßig vor Ort, bitte Website checken oder telefonisch erfragen.",52.497873,13.43588,true
143,231,Mühlenstube,vista gGmbH,1,Beratung,"[""L"",9]",,,Mittel,"Deutsch, Englisch, Polnisch, Russisch","Rollstuhlgerechter Zugang, Rollstuhlgerechte Einrichtung",IGPP Handlungsfeld Drogen/Sucht,Kontakt- und Anlaufstelle mit integriertem Drogenkonsumraum,Müllerstraße,120,,13349,Mitte,Wedding,030 297735600,,,nein,10:00 - 17:00,10:00 - 17:00,10:00 - 15:00,12:00 - 19:00,12:00 - 19:00,11:30 - 19:00,11:30 - 19:00,Keine Anmeldung nötig.,an gesetzl. Feiertagen 11:30 - 19:00 Uhr,52.55433,13.34463,true
144,401,MUT-Traumahilfe für Männer*,HILFE-FÜR-JUNGS e.V.,1,Beratung,"[""L"",23,18]",Männer,,Hoch,"Deutsch, Weitere Sprachen mit Sprachmittlung",Keine Angabe,IGPP Handlungsfeld Besondere Bedarfslagen,"Das Angebot von MUT-Traumahilfe für Männer* richtet sich  an Männer*, die sexualisierte Gewalt (sexuelle Gewalt, Missbrauch,  Vergewaltigung) erfahren haben und unterstützt sie, sich mit den eigenen  Gefühlen, Gedanken und Erfahrungen auseinanderzusetzen und neuen Mut zu  fassen. Wir sind mobil und beraten kostenlos, anonym und vertraulich.",Rigaer Str.,4,,10247,Friedrichshain-Kreuzberg,Friedrichshain,030 80610077,anfrage@mut-traumahilfe.de,https://mut-traumahilfe.de/,nein,10:00 - 16:00,10:00 - 16:00,10:00 - 16:00,10:00 - 16:00,Geschlossen,Geschlossen,Geschlossen,"Bitte Termin vereinbaren: telefonisch, per Mail",,52.47302,13.42556,true
145,Sen064,"NordPassage ",Stiftung SPI,1,Beratung,"[""L"",7,20]",Kinder & Jugendliche,,Mittel,Deutsch,Keine Angabe,Alkohol- und Medikamentenberatungsstelle,,Alt-Reinickendorf,23-24,,13407,Reinickendorf,,030 4938088,"info@nordpassage-berlin.de ",https://www.stiftung-spi.de/service/projekte/detail/nordpassage,nein,10:00 - 17:00,10:00 - 17:00,10:00 - 17:00,10:00 - 17:00,10:00 - 14:00,Geschlossen,Geschlossen,Keine Anmeldung nötig.,"Offene Sprechstunde: Bis zum 21. Lebensjahr Di. 16:00–17:00 Uhr, ab dem 22. Lebensjahr Do. 14:00–16:00 Uhr.",52.57541,13.35195,true
146,282,Offene Beratung zu Arbeit und Beschäftigung für Menschen mit psychischen Erkrankungen und Suchterkrankungen,WIB-Weißenseer Integrationsbetriebe GmbH,1,Beratung,"[""L"",1,3,11,7,9]",,,Niedrig,Deutsch,Keine Angabe,Kontakt- und Beratungsstelle,"Im Netzwerk Arbeit und seelische Gesundheit bietet die WIB-Weißenseer Integrationsbetriebe GmbH eine unabhängige und kostenfreie Beratung rund um das Thema Arbeit und Beschäftigung und psychische Erkrankungen und Suchterkrankungen an. Dieses Angebot gibt allen arbeitssuchenden und arbeitenden Menschen mit diesen Krankheitsbildern die Möglichkeit, sich unabhängig von einem Kostenträger zu beruflichen Themen beraten zu lassen. Die Beratung in der offenen Sprechstunde erfolgt auf Wunsch auch anonym.",Normannenstraße,37,,10367,Lichtenberg,Lichtenberg,030 484800880,kontakt@arbeit-netzwerk.de,https://wib-verbund.de/offene-beratung,nein,10:00 - 12:00,Geschlossen,Geschlossen,16:00 - 18:00,Geschlossen,Geschlossen,Geschlossen,Keine Anmeldung nötig.,,52.5162,13.48275,true
147,596,Online-Beratung Café Beispiellos + Lost in Space,Caritasverband für das Erzbistum Berlin e.V.,1,Online,"[""L"",10,11]",,,Hoch,"Deutsch, Arabisch, Bosnisch, Serbisch, Kroatisch, Englisch, Russisch",Rollstuhlgerechter Zugang,IGPP Handlungsfeld Drogen/Sucht,"Online-Beratung bei Verhaltenssüchten. Ob Glücksspielsucht, Computerspielsucht, Internetsucht, Kaufsucht oder Pornografiesucht – Verhaltenssüchte nehmen zu und es wird immer leichter, unbemerkt abzutauchen und sich in einer anderen Welt zu verlieren, bis sie das Leben beherrschen. Wenn Sie denken, Sie sind gefährdet oder bereits süchtig, sind Sie bei uns richtig. Oft sind es auch die Angehörigen, die sich Sorgen machen und Beratung wünschen.",,,,,,,keine,verhaltenssucht@caritas-berlin.de,https://beratung.caritas.de/suchtberatung/registration,ja,24 Stunden geöffnet,24 Stunden geöffnet,24 Stunden geöffnet,24 Stunden geöffnet,24 Stunden geöffnet,24 Stunden geöffnet,24 Stunden geöffnet,"Es ist keine vorherige Anmeldung nötig.: ",Die Online-Beratung ist rund um die Uhr an 7 Tagen die Woche erreichbar. Innerhalb von 2 Werktagen erhalten Sie in der Regel eine Antwort auf ihre Frage.,,,true
149,443,PBAM Suchtberatung Wilmersdorf,PBAM Therapeutische AG e.V.,1,Beratung,"[""L"",7,12,25]",Angehörige,,Mittel,"Deutsch, Englisch, Polnisch",Rollstuhlgerechter Zugang,Alkohol- und Medikamentenberatungsstelle,"Wir beraten, vemitteln und behandeln Menschen aus dem Bezirk Wilmersdorf, die Probleme im Umgang mit Alkohol und Medikamente haben, sowie deren Angehörige. Unsere offenen Sprechzeiten sind Dienstag von 10:00 bis 12:00 und Donnerstag von 16:00 bis 18:00 Uhr.",Holsteinische Straße,38,Aufgang 1,10717,Charlottenburg-Wilmersdorf,Wilmersdorf,030 23621333,suchtberatung-wilmersdorf@pbam.de,https://www.pbam.de,nein,09:00 - 17:30,09:00 - 17:30,09:00 - 17:30,09:00 - 17:30,09:00 - 17:30,Geschlossen,Geschlossen,"Bitte Termin vereinbaren: vor Ort, telefonisch, per Mail",,52.49196,13.3247,true
151,512,Pflege in Not Beratung bei  Konflikt und Gewalt in der Pflege,Diakonische Werk Berlin Stadtmitte e.V.,1,Beratung,"[""L"",6,16,23,25]",Angehörige,,Mittel,Deutsch,Rollstuhlgerechter Zugang,IGPP Handlungsfeld Altenhilfe,"Jede und jeder der Konflikte, Überforderung, Aggressionen und Gewalt in der Pflege erlebt, kann sich an uns wenden. Berlinweit und kostenfrei beraten und unterstützen wir Sie, vertraulich und gerne auch anonym.",Bergmannstraße,44,,10957,Friedrichshain-Kreuzberg,Kreuzberg,030 69598989,pflege-in-not@diakonie-stadtmitte.de,https://www.pflege-in-not.de,nein,10:00 - 12:00,14:00 - 16:00,10:00 - 12:00,16:00 - 18:00,10:00 - 12:00,Geschlossen,Geschlossen,"Bitte Termin vereinbaren: telefonisch, per Mail",Termine auch nach Vereinbarung. Anrufbeantworter rund um die Uhr.,52.48868,13.402,true
152,Sen081,Prävention zur sexuellen Gesundheit für Prostituierte,HYDRA e. V. - Treffpunkt und Beratung für Prostituierte,1,Beratung,"[""L"",1,3,15,23,24,13]","Divers, LSBTIQ*",,Niedrig,Deutsch,Keine Angabe,IGPP Handlungsfeld Sexuell übertragbare Infektionen,,Köpenicker Straße,187/188,,10997,Friedrichshain-Kreuzberg,,030 6110023,kontakt@hydra-berlin.de,https://www.hydra-berlin.de/,nein,10:00 - 15:00,10:00 - 15:00,Geschlossen,16:00 - 20:00,Geschlossen,Geschlossen,Geschlossen,"Termine können vereinbart werden: telefonisch, per Mail",Weitere Termine nach Vereinbarung.,52.50227,13.43927,true
155,636,pro familia Beratungszentrum Berlin,"pro familia Berlin - Deutsche Gesellschaft für Familienplanung, Sexualpädagogik und Sexualberatung e.V.",1,Beratung,"[""L"",14]",,,Hoch,"Deutsch, Englisch, Französisch, Russisch, Spanisch, Weitere Sprachen mit Sprachmittlung, Sonstige",Rollstuhlrechter Zugang,Schwangerschaftsberatungsstellen,"Wir beraten zu allen Fragen der Sexualität, Partnerschaft und Familienplanung. Mit unserer Beratung wollen wir Sie darin bestärken, Ihre Rechte auf sexuelle Selbstbestimmung und selbstbestimmte Familienplanung wahrzunehmen. Wie dies konkret aussieht, bestimmen Sie allein. Gegebenenfalls vermitteln wir Ihnen weitergehende Hilfen.",Kalckreuthstraße,4,,10777,Tempelhof-Schöneberg,Schöneberg,030 3984-9898,berlin@profamilia.de,https://www.profamilia.de/angebote-vor-ort/berlin/beratungszentrum,nein,09:00 - 18:00,09:00 - 18:00,09:00 - 18:00,09:00 - 18:00,09:00 - 12:00,Geschlossen,Geschlossen,"Bitte Termin vereinbaren: telefonisch, per Mail, Online","Telefonische Sprechzeiten: Mo - Do 09:00 - 12:00 und 15:00 - 18:00, Fr 09:00 - 12:00",52.4993598,13.3479297,true
156,639,Psychologisch-Psychotherapeutische Beratungsstelle,StudierendenWERK Berlin,1,Beratung,"[""L"",1,6,5,4,23,8,16,2,3,24,17,13,18]","Divers, Frauen, LSBTIQ*, Männer",,Hoch,"Bulgarisch, Deutsch, Englisch, Spanisch, Türkisch","Rollstuhlrechter Zugang, Rollstuhlgerechte Einrichtung",Andere Kontakt- und Beratungsstellen,Wir sind eine Psychologisch-Psychotherapeutische Beratungsstelle für Studierende in Berlin. Wir unterstützen Studierende in schwierigen Situationen und Lebensphasen. Wir bieten Einzelberatungsgespräche und Gruppen zu verschieden Themen an.,Franz-Mehring-Platz,45353,"Haus 2, 2. Etage",10243,Friedrichshain-Kreuzberg,Friedrichshain,030 9393-98438,pbs@stw.berlin,https://www.stw.berlin,nein,09:00 - 15:00,09:00 - 15:00,09:00 - 15:00,09:00 - 15:00,09:00 - 13:00,Geschlossen,Geschlossen,"Bitte Termin vereinbaren: telefonisch, per Mail",,52.5132035,13.438236,true
157,642,Psychologisch-Psychotherapeutische Beratungsstelle,StudierendenWERK Berlin,1,Beratung,"[""L"",1,6,5,4,23,8,16,2,3,24,17,13,18]","Divers, Frauen, LSBTIQ*, Männer",,Hoch,"Bulgarisch, Deutsch, Englisch, Spanisch, Türkisch",Keine Angabe,Andere Kontakt- und Beratungsstellen,Wir sind eine Psychologisch-Psychotherapeutische Beratungsstelle für Studierende in Berlin. Wir unterstützen Studierende in schwierigen Situationen und Lebensphasen. Wir bieten Einzelberatungsgespräche und Gruppen zu verschiedenen Themenbereichen an.,Hardenbergstraße,35,,10623,Charlottenburg-Wilmersdorf,Charlottenburg,030 9393-98401,pbs@stw.berlin,https://www.stw.berlin,nein,09:00 - 15:00,09:00 - 15:00,09:00 - 15:00,09:00 - 15:00,09:00 - 13:00,Geschlossen,Geschlossen,"Bitte Termin vereinbaren: telefonisch, per Mail",,52.5100723,13.325568,true
158,Sen094,"Psychosoziale Betreuung für Menschen mit HIV, Aids, Hepatitis C oder anderen chronischen Erkrankungen",ZIK - zuhause im Kiez gGmbH,1,Beratung,"[""L"",9,16,15,21,24,17,13,18,22]","Senioren, Divers, Frauen, LSBTIQ*, Männer, Migration & Flucht",,Hoch,"Deutsch, Englisch, Weitere Sprachen mit Sprachmittlung",Rollstuhlgerechter Zugang,IGPP Handlungsfeld Sexuell übertragbare Infektionen,"Wir versorgen HIV-infizierte sowie von Aids und anderen chronischen Erkrankungen betroffene Menschen in Berlin mit einem Zuhause.  Wenn die chronische Erkrankung zu starken gesundheitlichen und psychischen Belastungen führt, benötigen viele Betroffene eine psychosoziale Betreuung und Unterstützung.  Wir haben dafür modellhafte Betreuungskonzepte entwickelt, die auf die Bedürfnisse der Klient*innen optimal abgestimmt sind.  An fünfzehn unterschiedlichen Standorten besteht inzwischen ein Angebot, das eine bedarfsgerechte Lebensweise für jede Lebenssituation ermöglicht.  Unser Ziel ist es, allen Betroffenen ein selbstbestimmtes und verantwortungsbewusstes Leben in den eigenen vier Wänden zu ermöglichen.",Perleberger Straße,27,,10559,Mitte,,030 554439300,aufnahme@zik-ggmbh.de,https://zik-ggmbh.de/index.php,nein,09:00 - 15:30,09:00 - 15:30,09:00 - 15:30,09:00 - 15:30,09:00 - 15:30,Geschlossen,Geschlossen,"Termine können vereinbart werden: vor Ort, telefonisch, per Mail",Offene Sprechstunde mittwochs 13:00 bis 16:30 Uhr,52.53204,13.3493,true
159,560,"Psychosoziale Kontakt- und Beratungsstelle ""Das Floß""",Wuhletal-Psychosoziales Zentrum gGmbH,1,Beratung,"[""L"",1,3,5,6,2]",,,Mittel,Deutsch,Rollstuhlgerechter Zugang,Kontakt- und Beratungsstelle,"Das Angebot der KBS richtet sich an psychisch erkrankte bzw. psychiatrieerfahrene Menschen, Menschen mit seelischen Beeinträchtigungen, sowie deren Angehörige. Unser Angebot ist kostenlos, unbürokratisch, niedrigschwellig, ohne lange Wartezeiten und auf Wunsch anonym.",Dorfstraße,47,,12621,Marzahn-Hellersdorf,Kaulsdorf,030 565995949,kbs@wuhletal.de,https://www.wuhletal.de,nein,09:00 - 15:00,09:00 - 16:00,09:00 - 15:00,09:00 - 16:00,09:00 - 15:00,Geschlossen,Geschlossen,"Bitte Termin vereinbaren: vor Ort, telefonisch, per Mail",,52.50680344,13.5816982,true
160,48,Psychosoziale Kontakt- und Beratungsstelle Brückentreff,"Humanistischer Verband Dtl., LV Berlin-Brandenburg KdöR",1,Beratung,"[""L"",1,3,5,6,2]",,,Mittel,"Deutsch, Englisch","Rollstuhlgerechter Zugang, Rollstuhlgerechte Einrichtung",PEP Kontakt- und Beratungsstelle,"Wir unterstützen Menschen, die soziale Kontakte suchen, sich in sozialen und/oder seelischen Nöten befinden, eine Tagesstruktur aufbauen möchten, Psychiatrieerfahrung haben und Menschen, die psychisch erkrankt sind. Wie sind zudem Ansprechpartner für deren Angehörige und Freunde.
Wir bieten offene Treffpunkte, Gruppen und Beratungen an. Unser Team besteht aus Sozialpädagog_innen und Psycholog_innen.",Torstraße,158,,10115,Mitte,Mitte,030 2807442,brueckentreff@hvd-bb.de,https://www.brueckentreff.de,nein,13:00 - 18:00,Geschlossen,Geschlossen,12:00 - 16:00,09:30 - 15:30,13:00 - 16:30,Geschlossen,"Termine können vereinbart werden: vor Ort, telefonisch, per Mail",Samstags alle 14 Tage geöffnet.,52.52906,13.39677,true
161,Sen089,Psychosoziale Kontakt- und Beratungsstelle der Schwulenberatung Berlin gGmbH,Schwulenberatung Berlin gGmbH,1,Beratung,"[""L"",1,3,5,9,12,7,18,24,13,22]","Männer, Divers, LSBTIQ*, Migration & Flucht",,Niedrig,"Englisch, Französisch, Spanisch, Portugiesisch, Italienisch, Griechisch, weitere Sprachen bei Bedarf",Keine Angabe,IGPP Handlungsfeld Sexuell übertragbare Infektionen,"Aufgrund ihrer vielfachen Beeinträchtigungen leiden schwule  Männer sowie trans* und inter* Menschen  unter Einsamkeit und brauchen diskriminierungsfreie Schutzräume. In der psychosozialen Kontakt- und Beratungsstelle (KBS) können sie sich austauschen. Da die offenen Angebote fachlich angeleitet werden, dienen sie auch der stabilisierenden Strukturgebung. Angeboten wird auch psychologische Beratung, insbesondere für LSBTI* Geflüchtete und Suchtberatung.",Niebuhrstraße,59/60,,10629,Charlottenburg-Wilmersdorf,,030 23369070,info@schwulenberatungberlin.de,http://www.schwulenberatungberlin.de/,nein,Geschlossen,Geschlossen,Geschlossen,Geschlossen,Geschlossen,Geschlossen,Geschlossen,Keine Anmeldung nötig.,"Offene Suchtgruppe montags 18:30 -20:00/ offenes Frühstücksangebot „Frühstücksclub“, mittwochs von 10:00 - 11.30/ offene Gesprächsgruppe „Couch+“, mittwochs von 14:00 - 16:00 Uhr/ offener Treff „Café Wippe“, freitags von 14:00 - 17:00 Uhr
",52.50439,13.30983,true
162,Sen065,Psychosoziale Kontakt-und Beratungsstelle - OT Krezuberg,Unionhilfswerk,1,Beratung,"[""L"",1,3,5,6,2]",,,Mittel,Deutsch,Keine Angabe,Kontakt- und Beratungsstelle,,Waldemarstraße,33 A,,10999,Friedrichshain-Kreuzberg,,"030 42265-886 ",kbs@kb.unionhilfswerk.de,https://www.unionhilfswerk.de/angebote/psychiatrische-begleitung/kontakt-und-beratungsstellen/,nein,10:00 - 16:00,10:00 - 16:00,10:00 - 16:00,10:00 - 16:00,10:00 - 16:00,Geschlossen,Geschlossen,"Termine können vereinbart werden: telefonisch, per Mail",,52.50396,13.41932,true
163,359,Psychosoziale Prävention für geflüchtete Menschen und Menschen mit Migrationshintergrund,Berliner Stadtmission,1,Beratung,"[""L"",1,3,5,6,23,7,9,8,2,22]",Migration & Flucht,,Mittel,"Deutsch, Arabisch, Bosnisch, Serbisch, Kroatisch, Bulgarisch, Englisch, Französisch, Kurdisch, Persisch, Polnisch, Rumänisch, Russisch, Türkisch, Spanisch, Farsi, Dari, Ukrainisch, Italienisch, Georgisch, Fula, weitere Sprachen mit Sprachmittlung",Keine Angabe,Sonstiges,"Niedrigschwellige psychologische und psychosoziale Angebote für geflüchtete Menschen und Menschen mit Migrationshintergrund mit eigenem Wohnraum und in Flüchtlingseinrichtungen im Bezirk Spandau. Hauptaufgabe ist die Prävention von psychischen Erkrankungen, Suchterkrankungen, Gewaltbereitschaft und Suizidalität bei erwachsenen, geflüchteten Menschen.",Streitstraße,24,,13584,Spandau,Spandau,030 26587349,psychosozialeberatung@berliner-stadtmission.de,https://www.berliner-stadtmission.de/begleitprogramm-learning-bei-doing/psychosoziale-beratung,nein,09:00 - 17:00,09:00 - 17:00,Geschlossen,Geschlossen,Geschlossen,Geschlossen,Geschlossen,"Termine können vereinbart werden: vor Ort, telefonisch, per Mail",,52.56039,13.20856,true
164,566,Russischsprachige Ambulanz,Evangelisches Krankenhaus Königin Elisabeth Herzberge,1,Beratung,"[""L"",1,22]",Migration & Flucht,,Mittel,"Deutsch,Russisch","Rollstuhlgerechter Zugang, Rollstuhlgerechte Einrichtung",Klinik mit Beratungsangebot,PIA CPC  des Evangelischen Krankenhauses Königin Elisabeth Herzberge dient der ambulanten Behandlung von Menschen mit chronischen psychischen Erkrankungen. Die psychiatrische Behandlung und psychosoziale Beratung erfolgt stets mit muttersprachlicher russischer Sprachvermittlung.,Weissenseer Weg,111,,10369,Lichtenberg,Fennpfuhl,030 5472-4350,pia-cpc@keh-berlin.de,https://www.keh-berlin.de,nein,Geschlossen,15:00 - 18:30,Geschlossen,Geschlossen,Geschlossen,Geschlossen,Geschlossen,"Bitte Termin vereinbaren: telefonisch, per Mail",,52.5271477,13.4786556,true
165,276,SAAM Berlin gUG (haftungsbeschränkt),SAAM Berlin gUG (haftungsbeschränkt),1,Beratung,"[""L"",1,3,5,6,24,13,22]","Divers, LSBTIQ*, Migration & Flucht",,Mittel,"Deutsch, Englisch, Polnisch, Russisch, Türkisch, Farsi,  Dari, Italienisch, Ukrainisch, Afrikaans","Rollstuhlgerechter Zugang, Rollstuhlgerechte Einrichtung",Kontakt- und Beratungsstelle,"SAAM Berlin bietet Hilfen für Menschen mit emotional-sozialen Problemen, einer psychischen Erkrankung oder seelischen Behinderung an, die in ihrer eigenen Wohnung leben und Betreuung benötigen. Unsere Unterstützung richtet sich an Erwachsene in problematischen Lebenslagen, um sie schrittweise wieder am gesellschaftlichen Leben teilhaben lassen zu können. Ein Schwerpunkt liegt in der muttersprachlichen Beratung von Geflüchteten aus der Ukraine.",Pfarrstraße,115,,10317,Lichtenberg,Lichtenberg,030 89656595,Info@SAAM-Berlin.de,https://www.SAAM-Berlin.de,nein,08:00 - 16:00,08:00 - 16:00,08:00 - 16:00,08:00 - 16:00,08:00 - 16:00,Geschlossen,Geschlossen,"Bitte Termin vereinbaren: vor Ort, telefonisch, per Mail",,52.5051301,13.477129,true
167,213,Schlosspark-Klinik,Schlosspark-Klinik,1,Klinik,"[""L"",1,3,5,6,2,4,10,11,7,9,12,8,15,16,14]",,,Niedrig,Deutsch,"Rollstuhlgerechter Zugang, Rollstuhlgerechte Einrichtung",Pflichtversorgende Klinik,Die Abteilung Psychiatrie und Psychotherapie der Schlosspark-Klinik behandelt erwachsene Patientinnen:Patienten mit allen akut-psychiatrischen Erkrankungen.,Heubnerweg,2,,14059,Charlottenburg-Wilmersdorf,Charlottenburg-Nord,030 32641352,psychiatrie@schlosspark-klinik.de,https://www.parkkliniken-berlin.de/,nein,08:00 - 16:00,08:00 - 16:00,08:00 - 16:00,08:00 - 16:00,08:00 - 16:00,Geschlossen,Geschlossen,"Termine können vereinbart werden: telefonisch, per Mail",Zentrale Notaufnahme: 00:00-24:00 Uhr.,52.5218,13.28949,true
169,648,Schwangeren- und Familienberatung,Albatros - Lebensnetz gGmbH,1,Beratung,"[""L"",14,25,24,17,20,13,18,22]","Angehörige, Divers, Frauen, Kinder & Jugendliche, LSBTIQ*, Männer, Migration & Flucht",,Hoch,"Deutsch, Englisch, Weitere Sprachen mit Sprachmittlung, Sonstige","Rollstuhlrechter Zugang, Rollstuhlgerechte Einrichtung",Schwangerschaftsberatungsstellen,"Die Schwangeren- und Familienberatung in Berlin Friedrichshain ist eine staatlich anerkannte Beratungsstelle. Wir laden Sie zu uns ein, um folgende Angebote kostenlos in Anspruch zu nehmen: Schwangerschaftskonfliktberatung (bei uns erhalten Sie die gesetzlich vorgeschriebene Beratungsbescheinigung), Sozialberatung (bei Fragen rund um die Themen Elterngeld, Elternzeit etc.), Stiftung & quot; Hilfe für die Familie & quot; (Schwangere in Not können Gelder bei der Stiftung beantragen), Psychologische Einzel- und Paarberatung, Beratung vor und nach Pränataldiagnostik, Babypflegekurs (gegen Gebühr), Sexualpädagogik und sexuelle Bildung",Petersburger Platz,3,4. Etage,10249,Friedrichshain-Kreuzberg,Friedrichshain,030 4496-382,sfb@albatros-lebensnetz.de,https://www.albatros-lebensnetz.de/schwangeren-und-familienberatung/,nein,09:00 - 14:00,13:00 - 19:00,09:00 - 12:00; 13:00 - 17:00,Geschlossen,09:00 - 14:00,Geschlossen,Geschlossen,"Bitte Termin vereinbaren: telefonisch, per Mail",,52.521141,13.4501247,true
170,645,Schwangerenberatungsstelle und Schwangerschaftskonfliktberatungsstelle und Beratung und Begleitung im Zusammenhang mit Pränataldiagnostik,donum vitae e.V.,1,Beratung,"[""L"",14]",,,Hoch,Deutsch,"Rollstuhlrechter Zugang, Rollstuhlgerechte Einrichtung",Schwangerschaftsberatungsstellen,"Wir beraten und begleiten vorwiegend Schwangere im Zusammenhang mit Pränataldiagnostik, Trauer/Verlust/Sternenkindern.","Kurfürstendamm, Gartenhaus",199,PND Beratungsstelle Gartenhaus,10719,Charlottenburg-Wilmersdorf,Charlottenburg,030 8871-33970,berlin-kudamm@donumvitae.org,https://pnd-kudamm.donumvitae.org/,nein,09:00 - 13:00,09:00 - 13:00,09:00 - 13:00,09:00 - 13:00,09:00 - 12:30,Geschlossen,Geschlossen,"Bitte Termin vereinbaren: vor Ort, telefonisch, per Mail",,52.5027465,13.3260746,true
171,651,Schwangerschafts[konflikt]beratung,Humanistischer Verband Berlin Brandenburg KdöR,1,Beratung,"[""L"",14]",,,Hoch,"Deutsch, Englisch",Keine Angabe,Schwangerschaftsberatungsstellen,"Wir bieten Beratung rund um die Schwangerschaft, Geburt und im Schwangerschaftskonflikt. Wir beraten Einzelpersonen und Paare, insbesondere auch, wenn gewünscht, nach Schwangerschaftsabbruch, Fehlgeburten und Verlusten.",Paul Robeson Straße,30,,10439,Pankow,Prenzlauer Berg,030 4417-992,info@schwangerschaftskonflikt-berlin.de,http://www.schwangerschaftskonflikt-berlin.de,nein,09:00 - 15:00,13:00 - 20:00,Geschlossen,13:00 - 20:00,13:00 - 20:00,Geschlossen,Geschlossen,"Bitte Termin vereinbaren: vor Ort, telefonisch, per Mail",Mi nur nach Vereinbarung,52.5527375,13.4047759,true
172,633,Schwangerschaftsberatungsstelle Lydia,Sozialdienst katholischer Frauen e. V.,1,Beratung,"[""L"",14,24,17,13,18]","Divers, Frauen, LSBTIQ*, Männer",,Hoch,"Arabisch, Deutsch, Englisch, Farsi, Weitere Sprachen mit Sprachmittlung",Rollstuhlrechter Zugang,Schwangerschaftsberatungsstellen,"Beratung und Information bei allen Fragen rund um die Schwangerschaft und Geburt bis zum dritten Geburtstag Ihres Kindes. Wir beraten Sie vertraulich, anonym, kostenfrei und ergebnisoffen, unabhängig von Ihrem Glauben und Ihrer Herkunft, auf der Grundlage des christlichen Menschenbildes.Auch im existentiellen Schwangerschaftskonflikt können Sie die ergebnisoffene Beratung in Anspruch nehmen und umfassende Informationen über Unterstützungsmöglichkeiten erhalten.  Wir beraten auf Basis der bischöflichen Richtlinien. Auch im existentiellen Schwangerschaftskonflikt können Sie die ergebnisoffene Beratung in Anspruch nehmen und umfassende Informationen über Unterstützungsmöglichkeiten erhalten. Wir beraten auf Basis der bischöflichen Richtlinien.",Selchower Straße,11,,12049,Neukölln,Neukölln,030 2814-185,lydia@skf-berlin.de,https://skf-berlin.de/,nein,Geschlossen,09:00 - 12:00,15:00 - 18:00,09:00 - 12:00,Geschlossen,Geschlossen,Geschlossen,"Termine können vereinbart werden: vor Ort, telefonisch, per Mail",Termine finden auch außerhalb der Öffnungszeiten statt,52.478891,13.422009,true
174,246,Schwulenberatung Berlin,Schwulenberatung Berlin gGmbH,1,Beratung,"[""L"",1,3,15,18,24,13]","Männer, Divers, LSBTIQ*",,Mittel,"Deutsch, Englisch, Rumänisch, Weitere Sprachen mit Sprachmittlung","Rollstuhlgerechter Zugang, Rollstuhlgerechte Einrichtung",IGPP Handlungsfeld Besondere Bedarfslagen,"Wir bieten Unterstützung bei vielen Fragen, die das Leben als schwuler oder bisexueller Mann, lesbische Frau, trans- oder intergeschlechtlicher Mensch mit sich bringt. Wir helfen u.a. bei Fragen zur Gesundheit, bei Problemen mit Alkohol und anderen Drogen, psychischen Beeinträchtigungen, Krisenerfahrung, Identität und Coming Out, Sozialrecht oder Anti-Diskriminierung.",Niebuhrstraße,59-60,,10629,Charlottenburg-Wilmersdorf,Charlottenburg,030 446688111,info@schwulenberatungberlin.de,https://schwulenberatungberlin.de/,nein,09:00 - 19:00,09:00 - 19:00,09:00 - 19:00,09:00 - 19:00,09:00 - 19:00,Geschlossen,Geschlossen,"Termine können vereinbart werden: vor Ort, telefonisch, per Mail, Online",,52.50439,13.30983,true
175,Sen107,Selbsthilfegruppe nur für Stimmenhörer/innen,Netzwerk Stimmenhören e.V. (NeSt),1,Selbsthilfe,"[""L"",2]",,,Mittel,Deutsch,Keine Angabe,Selbsthilfegruppe,Nur offen für Betroffene.,Ebersstraße,67,Treffpunkt S-Bahnhof Schöneberg der Pinel gGmbH,10827,Tempelhof-Schöneberg,Schöneberg,030 78718068,stimmenhoeren@gmx.de,https://stimmenhoeren.de/,nein,Geschlossen,Geschlossen,Geschlossen,18:00 - 19:30,Geschlossen,Geschlossen,Geschlossen,"Bitte Termin vereinbaren: telefonisch, per Mail",Jeden 1. und 2. Donnerstag des Monats,52.479228606440785,13.350020268592129,true
176,497,Servicestelle Wegweiser,selbst.bestimmt e.V.,1,Beratung,"[""L"",6]",,,Hoch,"Deutsch, Arabisch, Bosnisch, Serbisch, Kroatisch, Bulgarisch, Englisch, Französisch, Kurdisch, Polnisch, Rumänisch, Russisch, Türkisch, Weitere Sprachen mit Sprachmittlung",Keine Angabe,Sonstiges,"Die Servicestelle Wegweiser unterstützt Menschen, die mit ihrem Verhalten die Grenzen nahestehender Personen in ihrem Umfeld verletzen, oder denen dies vorgeworfen wird, bei der Suche nach einem passenden Hilfsangebot. Hierbei kann es sich z.B. um Sucht-, Erziehungs- oder Schuldnerberatungsstellen handeln oder auch die Anbindung an einen Anti-Gewalt-Kurs.",Erich-Weinert-Straße,25,,10439,Pankow,Prenzlauer Berg,030 45963091,info@wegweiserbln.de,https://www.wegweiserbln.de,nein,10:00 - 15:00,10:00 - 15:00,10:00 - 15:00,10:00 - 15:00,10:00 - 15:00,Geschlossen,Geschlossen,"Bitte Termin vereinbaren: telefonisch, per Mail",Termine sind nach Absprache auch außerhalb der Bürozeiten möglich.,52.55184540341739,13.41812623,true
177,243,Sozialpsychiatrischer Dienst Charlottenburg-Wilmersdorf,Bezirksamt Charlottenburg-Wilmersdorf,1,Amt,"[""L"",1,3,5,6,2,4,10,11,7,9,12,8,15,16,14]",,,Niedrig,"Deutsch, Englisch, Französisch, Portugisisch","Rollstuhlgerechter Zugang, Rollstuhlgerechte Einrichtung",Sozialpsychiatrischer Dienst (SpD),"Wir bieten Hilfe und Beratung zu Persönlichen und materiellen Schwierigkeiten, Einleitung von Hilfen (z.B. betreutes Wohnen, Tagesstätten), Fragen zur gesetzlichen Betreuung, Fragen zu Therapie und Behandlung und Fragen zur Unterbringung bei akuter Selbst – oder Fremdgefährdung (PsychKG). Wir haben eine offene Sprechstunde und machen Hausbesuche.",Hohenzollerndamm,177,4. Etage,10713,Charlottenburg-Wilmersdorf,Wilmersdorf,030 902916044,sopsy@charlottenburg-wilmersdorf.de,https://www.berlin.de/ba-charlottenburg-wilmersdorf/verwaltung/aemter/gesundheit/sozialpsychiatrischer-dienst/,nein,08:00 - 16:00,08:00 - 16:00,08:00 - 16:00,08:00 - 16:00,08:00 - 16:00,Geschlossen,Geschlossen,"Bitte Termin vereinbaren: vor Ort, telefonisch, per Mail",Offene Sprechstunde (ohne Anmeldung): Dienstag 9:00 bis 12:00 Uhr und Donnerstag 14:00 bis 16:00 Uhr.,52.48937,13.31224,true
178,69,Sozialpsychiatrischer Dienst Friedrichshain-Kreuzberg,Bezirksamt Friedrichshain-Kreuzberg,1,Amt,"[""L"",1,3,5,6,2,4,10,11,7,9,12,8,15,16,14,25]",Angehörige,,Niedrig,"Deutsch, Englisch, Weitere Sprachen mit Sprachmittlung","Rollstuhlgerechter Zugang, Rollstuhlgerechte Einrichtung",Sozialpsychiatrischer Dienst (SpD),"Beratungsstelle für Menschen mit seelischen Problemen und Notlagen, süchtigen Verhaltensweisen und Schwierigkeiten im Alltag. Auch wenn Sie sich Sorgen um andere Menschen machen, weil diese psychisch krank zu sein scheinen, können Sie sich mit uns beraten. Wir stehen ebenso als Ansprechpartner für professionelle Helfer, Betreuungspersonen, Nachbarn, Angehörige oder Einrichtungen und Institutionen zur Verfügung, wenn Fragen zu psychischen Erkrankungen bestehen.",Urbanstraße,24,3. OG,10967,Friedrichshain-Kreuzberg,Kreuzberg,030 90298-8400,gesundheitshilfe@ba-fk.berlin.de,https://www.berlin.de/gesundheitshilfe-fk,nein,08:00 - 16:00,08:00 - 16:00,08:00 - 16:00,08:00 - 16:00,08:00 - 16:00,Geschlossen,Geschlossen,"Bitte Termin vereinbaren: vor Ort, telefonisch, per Mail",Sprechstunde ohne Termin: Dienstag 9:00 bis 12:00 Uhr.,52.49239,13.41033,true
179,261,Sozialpsychiatrischer Dienst Lichtenberg,Gesundheitsamt Lichtenberg,1,Amt,"[""L"",1,3,5,6,2,4,10,11,7,9,12,8,15,16,14]",,,Niedrig,"Deutsch, Englisch, Russisch","Rollstuhlgerechter Zugang, Rollstuhlgerechte Einrichtung",Sozialpsychiatrischer Dienst (SpD),"Der Sozialpsychiatrische Dienst Lichtenberg hilft in Krisensituationen, gibt vertrauensvolle Beratungen und vermittelt in das Hilfesystem. Alle Angebote sind kostenfrei und unterliegen der Schweigepflicht. Unser Team besteht aus SozialarbeiterInnen, Psychologinnen, ÄrztInnen und Verwaltungsangestellten.",Alfred-Kowalke-Straße,24,,10315,Lichtenberg,Friedrichsfelde,030 902967562,spdi@lichtenberg.berlin.de,https://www.berlin.de/ba-lichtenberg/politik-und-verwaltung/behoerdenwegweiser/artikel.321010.php#ges02,nein,08:00 - 16:00,08:00 - 16:00,08:00 - 16:00,08:00 - 18:00,08:00 - 16:00,Geschlossen,Geschlossen,"Termine können vereinbart werden: telefonisch, per Mail",Offene Sprechstunde Dienstag 09:00 bis 12:00 Uhr. Offene Sprechstunde Donnerstag 15:00 bis 18:00 Uhr.,52.50767,13.52449,true
180,45,Sozialpsychiatrischer Dienst Marzahn-Hellersdorf,Bezirksamt Marzahn-Hellersdorf,1,Amt,"[""L"",1,3,5,6,2,4,10,11,7,9,12,8,15,16,14,25]",Angehörige,,Niedrig,"Deutsch, Englisch, Italienisch","Rollstuhlgerechter Zugang, Rollstuhlgerechte Einrichtung",Sozialpsychiatrischer Dienst (SpD),"Wir beraten Erwachsene Personen aus unserem Bezirk und deren Kontaktpersonen bei Fragen zu psychischen Erkrankungen, psychischen Problemen und Krisensituationen. Wir vermitteln Hilfen (Eingliederungshilfe, Behandlungen, gesetzliche Betreuungen u.a.) und beraten hierzu.Wir prüfen Gefahrensituationen, die durch psychische Erkrankungen entstehen können und prüfen dabei auch, ob eine Klinikeinweisungnach dem Gesetz für psychisch Kranke (PsychKG) notwendig ist. Wir führen Hausbesuche durch. Wir haben eine zentrale koordinierende Funktion im bezirklichen psychiatrischen Versorgungssystem und sind an der Aufsicht über die psychiatrische Klinik im Bezirk beteiligt.",Janusz-Korczak-Straße,32,,12627,Marzahn-Hellersdorf,Hellersdorf,030 902933751,Soz.Psych.Dienst@ba-mh.berlin.de,https://www.berlin.de/ba-marzahn-hellersdorf/politik-und-verwaltung/aemter/gesundheitsamt/sozialpsychiatrischer-dienst/,nein,08:00 - 16:00,08:00 - 16:00,08:00 - 16:00,08:00 - 16:00,08:00 - 16:00,Geschlossen,Geschlossen,Keine Anmeldung nötig.,,52.53868,13.60649,true
181,288,Sozialpsychiatrischer Dienst Mitte,Gesundheitsamt Berlin Mitte,1,Amt,"[""L"",1,3,5,6,2,4,10,11,7,9,12,8,15,16,14]",,,Niedrig,Deutsch,"Rollstuhlgerechter Zugang, Rollstuhlgerechte Einrichtung",Sozialpsychiatrischer Dienst (SpD),"Die ärztlichen, psychologischen und sozialpädagogischen Mitarbeiterinnen und Mitarbeiter helfen und unterstützen erwachsene Menschen mit einer psychischen Erkrankung, in krisenhaften Situationen, oder die Probleme mit Alkohol, Drogen, Medikamenten oder anderen Süchten haben.",Westhafenstraße,1,,13353,Mitte,Tiergarten,030 901845212,sozialpsychdienst@ba-mitte.berlin.de,http://www.berlin.de/ba-mitte/politik-und-verwaltung/aemter/gesundheitsamt/gesundheitsfoerderung-praevention-und-gesundheitshilfe-fuer-erwachsene/artikel.248428.php,nein,08:00 - 16:00,08:00 - 16:00,08:00 - 16:00,08:00 - 16:00,08:00 - 16:00,Geschlossen,Geschlossen,"Bitte Termin vereinbaren: vor Ort, telefonisch",Offene Sprechstunde: Dienstag von 9:00 bis einschließlich 12:00 Uhr und Donnerstag von 14:00 bis einschließlich 16:00 Uhr.,52.53745,13.34155,true
182,Sen031,Sozialpsychiatrischer Dienst Neukölln,Bezirksamt Neukölln,1,Amt,"[""L"",1,3,5,6,2,4,10,11,7,9,12,8,15,16,14]",,,Niedrig,Deutsch,Keine Angabe,Sozialpsychiatrischer Dienst (SpD),"Die ärztlichen, psychologischen und sozialpädagogischen Mitarbeiterinnen und Mitarbeiter helfen und unterstützen erwachsene Menschen mit einer psychischen Erkrankung, in krisenhaften Situationen, oder die Probleme mit Alkohol, Drogen, Medikamenten oder anderen Süchten haben.",Gutschmidtstraße,31,,12359,Neukölln,Britz,030 90239-2786,gesSpD@bezirksamt-neukoelln.de,https://www.berlin.de/ba-neukoelln/politik-und-verwaltung/aemter/gesundheitsamt/sozialpsychiatrischer-dienst/artikel.274596.php,nein,08:00 - 16:00,08:00 - 16:00,08:00 - 16:00,08:00 - 18:00,08:00 - 16:00,Geschlossen,Geschlossen,"Bitte Termin vereinbaren: vor Ort, telefonisch, per Mail",Zusätzlich gibt es eine offene Sprechstunde am Do. von 13-16 Uhr,52.43659,13.4466,true
183,147,Sozialpsychiatrischer Dienst Pankow,Bezirksamt Pankow,1,Amt,"[""L"",1,3,5,6,2,4,10,11,7,9,12,8,15,16,14,25]",Angehörige,,Niedrig,"Deutsch, Englisch, Weitere Sprachen mit Sprachmittlung","Rollstuhlgerechter Zugang, Rollstuhlgerechte Einrichtung",Sozialpsychiatrischer Dienst (SpD),"Unser Team bestehend aus Fachärzt*innen, Sozialarbeiter*innen, Psycholog*innen und Verwaltungskräften berät erwachsene Menschen aus unserem Bezirk, die unter einer psychischen Erkrankung leiden, eine geistige Behinderung haben, alkohol- oder drogenabhängig sind, sich in einer Krise befinden oder psychische Probleme haben, sowie deren Angehörige. Wir vermitteln passende Hilfen (z.B. Eingliederungshilfe, Kontakt- und Beratungsstellen, etc.) und verfügen über einen guten Überblick über die vielfältige Pankower Hilfelandschaft. Bei Bedarf oder zur Krisenintervention können wir Hausbesuche anbieten. Im Falle von Eigen- oder Fremdgefährdung aufgrund von psychischen Erkrankungen prüfen wir die eventuell notwendige Unterbringung nach dem Gesetz über Hilfen und Schutzmaßnahmen bei psychischen Krankheiten (PsychKG).",Grunowstraße,8-11,,13187,Pankow,Pankow,030 90295-2863,pankow.spd@ba-pankow.berlin.de,https://www.berlin.de/ba-pankow/politik-und-verwaltung/aemter/gesundheitsamt/artikel.218488.php,nein,08:00 - 16:00,08:00 - 16:00,08:00 - 16:00,08:00 - 16:00,08:00 - 16:00,Geschlossen,Geschlossen,"Termine können vereinbart werden: vor Ort, telefonisch, per Mail",Offene Sprechstunde immer dienstags und donnerstags von 9 bis 12 Uhr.,52.56735,13.40945,true
184,192,Sozialpsychiatrischer Dienst Reinickendorf,Bezirksamt Reinickendorf,1,Amt,"[""L"",1,3,5,6,2,4,10,11,7,9,12,8,15,16,14,25]",Angehörige,,Niedrig,"Deutsch, Englisch, Französisch, Polnisch, Italienisch, Georgisch","Rollstuhlgerechter Zugang, Rollstuhlgerechte Einrichtung",Sozialpsychiatrischer Dienst (SpD),"Der Sozialpsychiatrische Dienst bietet Beratung an, wenn man noch nicht weiß, ob man eine Erkrankung hat. Er unterstützt, Hilfe zu finden, wenn durch eine Erkrankung der Alltag deutlich beeinträchtigt wird. Wir beraten auch Angehörige oder das sonstige Umfeld. Im Notfall, wenn jemand krankheitsbedingt selbst die Entscheidung nicht mehr treffen kann, weisen wir auch in die Klinik ein.",Teichstraße,65,Haus 4,13407,Reinickendorf,Reinickendorf,030 902945010,Sozialpsychiatrischer-Dienst@reinickendorf.berlin.de,https://www.berlin.de/ba-reinickendorf/politik-und-verwaltung/aemter/gesundheitsamt/sozialpsychiatrischer-dienst/,nein,08:00 - 16:00,08:00 - 16:00,08:00 - 16:00,08:00 - 16:00,08:00 - 16:00,Geschlossen,Geschlossen,"Bitte Termin vereinbaren: vor Ort, telefonisch",,52.57116,13.34771,true
185,39,Sozialpsychiatrischer Dienst Spandau,Bezirksamt Spandau,1,Amt,"[""L"",7,1,9,5,4,11,10,8,12,2,3,25]",Angehörige,,Niedrig,"Deutsch, Englisch, Russisch, Spanisch, Türkisch",Rollstuhlgerechter Zugang,Sozialpsychiatrischer Dienst (SpD),"Der Sozialpsychiatrische Dienst ist eine Beratungsstelle für volljährige Menschen mit seelischen Problemen. Auch wenn Sie sich als Angehörige, professionelle Helfende, Betreuungspersonen oder Nachbarn, Sorgen um andere Menschen machen, weil diese psychisch erkrankt oder dement zu sein scheinen, stehen wir als Ansprechpartner zur Verfügung. 
Wir vermitteln z.B. Hilfe, prüfen Gefahrensituationen, die durch psychische Erkrankungen entstehen können und veranlassen, wenn notwendig, eine Krankenhausbehandlung. Im bezirklichen psychiatrischen Versorgungssystem nimmt der Sozialpsychiatrische Dienst eine koordinierende Funktion ein und ist beteiligt an der Aufsicht über die psychiatrische Klinik im Bezirk.",Klosterstraße,36,Aufgang D,13581,Spandau,Spandau,030 902792355,ges3@ba-spandau.berlin.de,https://www.berlin.de/ba-spandau/politik-und-verwaltung/aemter/gesundheitsamt/artikel.268617.php,nein,08:00 - 16:00,08:00 - 16:00,08:00 - 16:00,08:00 - 16:00,08:00 - 16:00,Geschlossen,Geschlossen,"Bitte Termin vereinbaren: vor Ort, telefonisch, per Mail",,52.53249,13.19862,true
186,Sen098,Sozialpsychiatrischer Dienst Steglitz-Zehlendorf,Bezirksamt Steglitz-Zehlendorf,1,Amt,"[""L"",1,3,5,6,2,4,10,11,7,9,12,8,15,16,14]",,,Niedrig,Deutsch,Keine Angabe,Sozialpsychiatrischer Dienst (SpD),"Die ärztlichen, psychologischen und sozialpädagogischen Mitarbeiterinnen und Mitarbeiter helfen und unterstützen erwachsene Menschen mit einer psychischen Erkrankung, in krisenhaften Situationen, oder die Probleme mit Alkohol, Drogen, Medikamenten oder anderen Süchten haben.",Bergstraße,90,,12169,Steglitz-Zehlendorf,,030 90299-4758,sozialpsychdienst@ba-sz.berlin.de,https://www.berlin.de/ba-steglitz-zehlendorf/politik-und-verwaltung/aemter/gesundheitsamt/sozialpsychiatrischer-dienst/artikel.92481.php,nein,08:00 - 16:00,08:00 - 16:00,08:00 - 16:00,08:00 - 18:00,08:00 - 16:00,Geschlossen,Geschlossen,"Bitte Termin vereinbaren: vor Ort, telefonisch, per Mail",,52.458274,13.32880103,true
187,33,Sozialpsychiatrischer Dienst Tempelhof-Schöneberg,Bezirksamt Tempelhof-Schöneberg,1,Amt,"[""L"",1,3,5,6,2,4,10,11,7,9,12,8,15,16,14,25]",Angehörige,,Niedrig,"Deutsch, Bosnisch/Serbisch/Kroatisch, Englisch, Französisch, Türkisch","Rollstuhlgerechter Zugang, Rollstuhlgerechte Einrichtung",Sozialpsychiatrischer Dienst (SpD),"Wir beraten erwachsene Personen aus unserem Bezirk und deren Kontaktpersonen bei Fragen zu psychischen Erkrankungen, psychischen Problemen und Krisensituationen. Wir vermitteln Hilfen (z.B. Eingliederungshilfe, Behandlung, gesetzliche Betreuung) und beraten hierzu. Wir prüfen Gefahrensituationen, die durch psychische Erkrankung entstehen können, und prüfen dabei auch, ob eine Klinikeinweisung nach dem Gesetz für Psychisch Kranke (PsychKG) notwendig ist. Es besteht die  Möglichkeit von Hausbesuchen. Wir haben eine zentrale koordinierende Funktion im bezirklichen psychiatrischen Versorgungssystem und sind beteiligt an der Aufsicht über die psychiatrische Klinik im Bezirk. .",Rathausstraße,27,,12105,Tempelhof-Schöneberg,Mariendorf,030 902777575,sozpsychdienst@ba-ts.berlin.de,https://www.berlin.de/ba-tempelhof-schoeneberg/politik-und-verwaltung/aemter/gesundheitsamt/sozialpsychiatrischer-dienst/,nein,08:00 - 16:00,08:00 - 16:00,08:00 - 16:00,08:00 - 18:00,08:00 - 16:00,Geschlossen,Geschlossen,"Bitte Termin vereinbaren: vor Ort, telefonisch, per Mail",Offene Sprechstunde: Dienstag 9:00 bis 12:00 Uhr und Donnerstag 16:00 bis 18:00 Uhr.,52.44587,13.37917,true
188,Sen109,Sozialpsychiatrischer Dienst Tiergarten und Mitte,Bezirksamt Mitte,1,Amt,"[""L"",1,3,5,6,2,4,10,11,7,9,12,8,15,16,14]",,,Niedrig,"Deutsch, Englisch, Weitere Sprachen mit Sprachmittlung",Keine Angabe,Sozialpsychiatrischer Dienst (SpD),,Mathilde-Jacob-Platz,1,,10551,Mitte,,030 9018-33347,sozialpsychdienst@ba-mitte.berlin.de,https://www.berlin.de/ba-mitte/politik-und-verwaltung/aemter/gesundheitsamt/gesundheitsfoerderung-praevention-und-gesundheitshilfe-fuer-erwachsene/artikel.248428.php,nein,08:00 - 16:00,08:00 - 16:00,08:00 - 16:00,08:00 - 18:00,08:00 - 16:00,Geschlossen,Geschlossen,"Bitte Termin vereinbaren: vor Ort, telefonisch",,52.52702761,13.33849547,true
189,Sen032,Sozialpsychiatrischer Dienst Treptow-Köpenik,Bezirksamt Treptow-Köpenick,1,Amt,"[""L"",1,3,5,6,2,4,10,11,7,9,12,8,15,16,14]",,,Niedrig,Deutsch,Rollstuhlrechter Zugang,Sozialpsychiatrischer Dienst (SpD),"Die ärztlichen, psychologischen und sozialpädagogischen Mitarbeiterinnen und Mitarbeiter helfen und unterstützen erwachsene Menschen mit einer psychischen Erkrankung, in krisenhaften Situationen, oder die Probleme mit Alkohol, Drogen, Medikamenten oder anderen Süchten haben.",Hans-Schmidt-Straße,16,,12489,Treptow-Köpenick,Adlershof,030 90297-6000,Soz.Psych.Dienst@ba-tk.berlin.de,https://www.berlin.de/ba-treptow-koepenick/politik-und-verwaltung/aemter/gesundheitsamt/artikel.30521.php,nein,08:00 - 16:00,08:00 - 16:00,08:00 - 16:00,08:00 - 18:00,08:00 - 16:00,Geschlossen,Geschlossen,"Bitte Termin vereinbaren: vor Ort, telefonisch, per Mail",,52.43438,13.53345,true
190,Sen067,SPAX - Kontakt und Beratungsstelle mit aufsuchender Sozialarbeit zur Problematik des Alkohol- & Suchtmittelmissbrauchs in der Spandauer Öffentlichkeit,Fixpunkt,1,Beratung,"[""L"",7,9,12,8]",,,Mittel,Deutsch,Keine Angabe,Alkohol- und Medikamentenberatungsstelle,,Schönwalder Straße,27,,13585,Spandau,,030  74927951,spax@fixpunkt.org,https://www.fixpunkt.org/spandau/,nein,11:00 - 15:00,Geschlossen,11:00 - 15:00,11:00 - 15:00,Geschlossen,Geschlossen,Geschlossen,Keine Anmeldung nötig.,Einzeleinlass: Montag 10.00 – 15.00 Uhr sowie Mittwoch – Freitag 10.00 – 11.00 Uhr.,52.54757,13.20172,true
191,464,St. Hedwig-Krankenhaus,Alexianer St. Hedwig Kliniken Berlin GmbH,1,Klinik,"[""L"",1,3,5,6,2,4,10,11,7,9,12,8,15,16,14]",,,Niedrig,"Deutsch, Englisch",Rollstuhlgerechter Zugang,Pflichtversorgende Klinik,"Wir behandeln Erwachsene mit Abhängigkeit und Missbrauch von Alkohol, Medikamenten und illegalen Drogen, beispielsweise GHB. Außerdem versorgen wir Patient:innen mit Abhängigkeitserkrankungen und weiteren psychischen Erkrankungen, wie zum Beispiel Schizophrenien, Depressionen oder Persönlichkeitsstörungen (u.a. bieten wir nach Anmeldung die Dialektisch-Behaviorale Therapie bei emotional instabiler Persönlichkeitsstörung an).",Große Hamburger Straße,5,,10115,Mitte,Mitte,030 23110,st.hedwig@alexianer.de,https://www.alexianer-berlin-hedwigkliniken.de/sthedwig-krankenhaus/,ja,24 Stunden geöffnet,24 Stunden geöffnet,24 Stunden geöffnet,24 Stunden geöffnet,24 Stunden geöffnet,24 Stunden geöffnet,24 Stunden geöffnet,"Termine können vereinbart werden: vor Ort, telefonisch",,52.52591,13.3984,true
192,Sen102,Stille Straße,Kreuzbund Diözesanverband Berlin e.V.,1,Selbsthilfe,"[""L"",7,9,12]",,,Mittel,Deutsch,Keine Angabe,Selbsthilfegruppe,"Offen für: Angehörige und Betroffene ",Stille Straße,10,Volkssolidatität,13156,Pankow,Niederschönhausen,,stille-strasse@kreuzbund-berlin.de,https://www.kreuzbund-berlin.de/startseite,nein,16:00 - 17:30,Geschlossen,Geschlossen,Geschlossen,Geschlossen,Geschlossen,Geschlossen,Keine Anmeldung nötig.,,52.57665656264686,13.402835222621801,true
193,521,StoffBruch,FrauSuchtZukunft e.V.,1,Beratung,"[""L"",7,9,12,17,13,24]","Frauen, LSBTIQ*, Divers",,Niedrig,"Deutsch, Bulgarisch, Englisch",Keine Angabe,IGPP Handlungsfeld Drogen/Sucht,"StoffBruch bietet Beratung, Vorbereitung für die Suchttherapie, Angebote für Mütter*, Gruppen zum kontrollierten Trinken, NADA-Ohrakupunktur und Selbsthilfegruppen.",Friedrichstrasse,231,"2. HH, 2. OG",10969,Friedrichshain-Kreuzberg,Kreuzberg,030 28599452,stoffbruch@frausuchtzukunft.de,https://www.frausuchtzukunft.de,nein,Geschlossen,Geschlossen,Geschlossen,Geschlossen,Geschlossen,Geschlossen,Geschlossen,"Bitte Termin vereinbaren: telefonisch, per Mail",,52.50297,13.3909,true
194,195,Stop Stalking,selbst.bestimmt e.V.,1,Beratung,"[""L"",1,6]",,,Mittel,"Deutsch, Englisch, Spanisch, für weitere Sprachen können Dolmetscher hinzugezogen werden",Rollstuhlgerechter Zugang,IGPP Handlungsfeld Besondere Bedarfslagen,"Unsere Beratungsstelle hat zwei getrennte Angebote: zum einen Beratung für Menschen, die gestalkt werden. Zum anderen Beratung für Menschen, die stalken",Detmolder Straße,60,Erdgeschoss links,10715,Charlottenburg-Wilmersdorf,Wilmersdorf,030 221922000,info@stop-stalking-berlin.de,https://www.stop-stalking-berlin.de,nein,09:00 - 17:00,09:00 - 17:00,09:00 - 17:00,09:00 - 17:00,09:00 - 17:00,Geschlossen,Geschlossen,"Bitte Termin vereinbaren: telefonisch, per Mail",,52.47855,13.32498,true
195,398,subway,HILFE-FÜR-JUNGS e.V.,1,Beratung,"[""L"",15,18,24,13,20]","Männer, Divers, LSBTIQ*, Kinder & Jugendliche",,Hoch,"Deutsch, Englisch, Französisch, Rumänisch, Türkisch",Keine Angabe,IGPP Handlungsfeld Sexuell übertragbare Infektionen,"subway bietet Hilfe für Jungen* und junge Männer*, die unterwegs sind und anschaffen.
Wir beraten zu HIV/Aids, sexuell übertragbaren Infektionen und Hepatitiden.",Kirchbachstraße,5,,10783,Tempelhof-Schöneberg,Schöneberg,030 23520476,jungs@subway-berlin.de,https://subway-berlin.de/,nein,Geschlossen,Geschlossen,Geschlossen,Geschlossen,Geschlossen,Geschlossen,Geschlossen,Keine Anmeldung nötig.,,52.49452,13.36377,true
196,419,Suchtberatung Confamilia,vista gGmbH,1,Beratung,"[""L"",7,9,12,8]",,,Mittel,"Deutsch, Arabisch, Englisch, Polnisch, Russisch, Türkisch",Keine Angabe,IGPP Handlungsfeld Drogen/Sucht,"In unserem Zentrum für integrative Suchthilfe informieren und beraten wir Sie zu Konsum von psychoaktiven Substanzen (Drogen, Alkohol, Medikamente), zu Sucht, Entzug, Therapie und Nachsorge, zu Substitution, Safer Use, Infektionsprophylaxe und vieles mehr.
Wollen Sie Ihren Konsum reduzieren oder beenden? Wir unterstützen und begleiten Sie auf Ihrem Weg zu mehr Konsumkompetenz, um das Risiko gesundheitsschädigender Folgen zu reduzieren. Bei Bedarf vermitteln wir Sie weiter. 
Zu unseren Angeboten gehören auch die Sprechstunden für arabisch sprechende Menschen und für Partydrogenkonsument*innen sowie Selbsthilfegruppen und angeleitete Gruppen. 
Im Haus befindet sich auch die Kontaktstelle Confamilia  für alkohol- und medikamentenabhängige Menschen in Neukölln.",Lahnstraße,84,,12055,Neukölln,Neukölln,030 689772900,confamilia@vistaberlin.de,https://vistaberlin.de/einrichtungen/suchtberatung-confamilia/,nein,09:00 - 17:00,09:00 - 17:00,09:00 - 17:00,09:00 - 18:00,09:00 - 15:00,Geschlossen,Geschlossen,"Termine können vereinbart werden: vor Ort, telefonisch, per Mail","Offene Sprechstunde: Mo, Di 14:00 bis 16:00 Uhr und Do 15:30 bis 17:30 Uhr. Partydrogensprechstunde: Di 14:00 bis 16:00 Uhr. Sprechstunde für arabisch sprechende Menschen: Fr 10:00 bis 12:00 Uhr.",52.46808,13.44443,true
197,6,Suchtberatung Friedrichhain - Alkohol- und Medikamentenberatungsstelle,Stiftung SPI,1,Beratung,"[""L"",7,9,12,25]",Angehörige,,Mittel,"Deutsch, Englisch",Keine Angabe,Alkohol- und Medikamentenberatungsstelle,"Beratung zu allen Fragen und Problemen mit Alkohol, Medikamenten und damit zusammenhängenden Themen, z. B. wenn es zusätzlich um Drogen, Tabak, nicht-stoffgebundene Süchte, psychische Probleme oder soziale Probleme geht. Für Betroffene und Angehörige. Kostenlos, vertraulich und auf Wunsch anonym. Weitere Angebote: Ambulante Suchttherapie, Nachsorge. Addiction Counselling also in English. LGBTIQ* willkommen.",Finowstraße,39,,10247,Friedrichshain-Kreuzberg,Friedrichshain,030 2911692,suchtberatung-frdh@stiftung-spi.de,https://www.stiftung-spi.de/service/projekte/detail/suchtberatung-frdh/,nein,10:00 - 14:00,12:00 - 18:00,Geschlossen,12:00 - 18:00,Geschlossen,Geschlossen,Geschlossen,"Termine können vereinbart werden: vor Ort, telefonisch, per Mail",Nach Vereinbarung auch weitere Zeiten sowie Mittwoch und Freitag.,52.51377,13.46967,true
198,90,Suchtberatung Hohenschönhausen,Stiftung SPI und Gesundheitsamt Lichtenberg,1,Beratung,"[""L"",7,9,12,8,25]",Angehörige,,Mittel,"Deutsch, Englisch","Rollstuhlgerechter Zugang, Rollstuhlgerechte Einrichtung",Alkohol- und Medikamentenberatungsstelle,"Wir bieten Angehörigen und Betroffenen u. a. Informationen und Beratung zu Suchterkrankungen, Diagnostik, Nachbehandlung nach stationärer Therapie, Hausbesuche nach Absprache an.",Oberseestraße,98,,13053,Lichtenberg,Alt-Hohenschönhausen,030 902964911,suchtberatung-hsh@stiftung-spi.de,https://www.berlin.de,nein,08:00 - 16:00,08:00 - 16:00,Geschlossen,13:00 - 18:00,08:00 - 14:00,Geschlossen,Geschlossen,"Termine können vereinbart werden: vor Ort, telefonisch, per Mail",,52.5471,13.49479,true
199,15,Suchtberatungs- und Behandlungsstelle Marzahn-Hellersdorf,Wuhletal - Psychosoziales Zentrum gGmbH,1,Beratung,"[""L"",7,12,25]",Angehörige,,Mittel,"Deutsch, Englisch, Russisch",Rollstuhlgerechte Einrichtung,Alkohol- und Medikamentenberatungsstelle,Wir informieren und beraten Menschen mit Alkohol- und/oder Medikamentenproblemen und deren Angehörige. Wir vermitteln in tagesklinische oder stationäre Entzugsbehandlung und Entwöhnungstherapie. Die Beratungen sind kostenlos und auf Wunsch anonym. Darüber hinaus können Sie bei uns eine ambulante Entwöhnungstherapie oder eine Nachsorge durchführen.,Alt-Marzahn,59,,12685,Marzahn-Hellersdorf,Marzahn,030 5498863,suchtberatung@wuhletal.de,http://www.wuhletal.de,nein,09:00 - 12:00,09:00 - 12:00,13:00 - 17:00,15:00 - 17:00,09:00 - 12:00,Geschlossen,Geschlossen,"Termine können vereinbart werden: vor Ort, telefonisch, per Mail",Offene Sprechstunde: Donnerstag 15:00 Uhr bis 17:00 Uhr.,52.54294,13.5622,true
200,327,Synanon,STIFTUNG SYNANON,1,Beratung,"[""L"",10,11,7,9,12]",,,Mittel,"Deutsch, Englisch, Russisch, Türkisch",Rollstuhlgerechter Zugang,IGPP Handlungsfeld Drogen/Sucht,"Als Suchtselbsthilfe gewähren wir allen Hilfesuchenden einen sicheren Ort für den Entzug, die Genesung und den Weg hin zu einem drogenfreien Leben ohne Kriminalität, Leid und ständigen Verlust. Hilfesuchende können jederzeit zu uns kommen und eine Kostenzusage ist nicht notwendig.",Dorfstraße,9,,13051,Lichtenberg,Malchow,030 550000,info@synanon.de,https://www.synanon-aktuell.de,ja,24 Stunden geöffnet,24 Stunden geöffnet,24 Stunden geöffnet,24 Stunden geöffnet,24 Stunden geöffnet,24 Stunden geöffnet,24 Stunden geöffnet,"Termine können vereinbart werden: vor Ort, telefonisch, per Mail",Synanon ist jeden Tag des Jahres 24 Stunden bereit Hilfesuchende aufzunehmen und zu beraten.,52.57623,13.48379,true
201,483,Tageszentrum Albrechtstraße 15,Reha-Steglitz gGmbH,1,Beratung,"[""L"",1,5,6,2,7]",,,Mittel,"Deutsch, Englisch, Französisch",Keine Angabe,Kontakt- und Beratungsstelle,"Unser Tageszentrum bietet für psychisch belastete und erkrankte Personen vielfältige gesundheitsfördernde Angebote. 
Entsprechend der individuellen Bedürfnisse bietet unser Zentrum diverse Angebote der Teilhabe in der Kontakt- und Beratungsstelle, in der Beschäftigungstagesstätte, in unterschiedlichen Arbeits- und Beschäftigungsangeboten und in der Soziotherapie. 
Die angenehme Atmosphäre in unserer Cafeteria erleichtert Kontaktmöglichkeiten zu anderen Personen bei einem preisgünstigen Mittagstisch.",Albrechtstraße,15,,12167,Steglitz-Zehlendorf,Steglitz,030 2250546-0,tz.1@reha-steglitz.de,https://www.reha-steglitz.de,nein,09:00 - 16:30,09:00 - 16:30,12:00 - 16:30,09:00 - 16:30,09:00 - 16:30,Geschlossen,Geschlossen,"Termine können vereinbart werden: vor Ort, telefonisch, per Mail",,52.45436,13.3255,true
202,527,Tageszentrum m32,KBS e.V.,1,Beratung,"[""L"",1,3,5,6,2]",,,Mittel,"Deutsch, Englisch, Französisch, Türkisch, Spanisch",Rollstuhlgerechter Zugang,Kontakt- und Beratungsstelle,"In der Kontakt- und Beratungsstelle m32 kann man bei persönlichen und psychischen Problemen sowie Krisen Beratung und Unterstützung finden - ohne Kosten, ohne Bürokratie, ohne Vorbedingungen. Einfach anrufen und einen Termin vereinbaren! In der therapeutischen Tagesstätte kann ein Platz vermittelt werden über das Steuerungsgremium Psychiatrie des Bezirks Mitte von Berlin.",Malplaquetstraße,32,Erdgeschoss,13347,Mitte,Wedding,030 4553090,m32@kbsev.de,https://www.kbsev.org/web/tageszentrum-m32.php,nein,09:00 - 17:00,09:00 - 17:00,09:00 - 17:00,09:00 - 17:00,09:00 - 17:00,Geschlossen,Geschlossen,"Termine können vereinbart werden: vor Ort, telefonisch, per Mail",Sonntag: alle 14 Tage 14:00 - 17:00. Psychosoziale Beratung: Dienstag 15:00 - 17:00 Uhr und nach Vereinbarung. Je:b (Junge Erwachsene: Beratung) Dienstag 15:00 - 17:00 Uhr und nach Vereinbarung. Zuverdienstberatung: Dienstag 15:00 - 17:00 Uhr und nach Vereinbarung.,52.55094,13.35879,true
203,Sen062,Tageszentrum Wiese 30,KBS e.V.,1,Beratung,"[""L"",1,3,5,6,2]",,,Mittel,"Deutsch, Englisch",Keine Angabe,Kontakt- und Beratungsstelle,"In der Kontakt- und Beratungsstelle Wiese30 kann man bei persönlichen und psychischen Problemen sowie Krisen Beratung und Unterstützung finden - ohne Kosten, ohne Bürokratie, ohne Vorbedingungen. Einfach anrufen und einen Termin vereinbaren! In der therapeutischen Tagesstätte kann ein Platz vermittelt werden über das Steuerungsgremium Psychiatrie des Bezirks Mitte von Berlin.",Wiesenstraße,30,,13357,Mitte,,030 4621062,wiese30@kbsev.de,https://www.kbsev.org/web/tageszentrum-wiese-30.php,nein,09:00 - 16:00,09:00 - 16:00,09:00 - 16:00,09:00 - 16:00,09:00 - 16:00,Geschlossen,Geschlossen,"Termine können vereinbart werden: vor Ort, telefonisch, per Mail",Psychosoziale Beratung: Montag 14:00 bis 16:00 Uhr (bitte telefonisch anmelden) und nach Vereinbarung.,52.54866,13.37108,true
204,237,"Tauwetter - Anlaufstelle für Männer* und TIN*, die in Kindheit, Jugend oder als Erwachsene sexualisierter Gewalt ausgesetzt waren","Tauwetter, vereint gegen sexualsierte Gewalt e.V.",1,Beratung,"[""L"",23,18,24,13,25]","Männer, Divers, LSBTIQ*, Angehörige",,Hoch,"Deutsch, Englisch, weitere Sprachen mit Sprachmittlung",Rollstuhlgerechter Zugang,IGPP Handlungsfeld Besondere Bedarfslagen,"Wir beraten Menschen, die sexualisierte Gewalt oder sexuellen Missbrauch erlebt haben. Wir beraten auch Angehörige. Wir bieten auch Selbsthilfegruppen für Betroffene an.",Gneisenaustraße,2a,im Mehringhof,10961,Friedrichshain-Kreuzberg,Kreuzberg,030 6938007,mail@tauwetter.de,https://www.tauwetter.de/de/,nein,11:00 - 18:00,11:00 - 18:00,11:00 - 18:00,11:00 - 18:00,11:00 - 18:00,Geschlossen,Geschlossen,"Bitte Termin vereinbaren: vor Ort, telefonisch, per Mail","Telefonische Sprechzeiten: Di 16:00 - 18:00, Mi 10:00 - 13:00, Do 17:00 - 19:00. Offene Erstberatung ohne Terminvereinbarung: Do 17:30 - 18:30.",52.49190177,13.3884942,true
205,362,Teilhabefachdienst Charlottenburg-Wilmersdorf,Bezirksamt Charlottenburg-Wilmersdorf,1,Amt,"[""L"",1,3,5,6,2,4,10,11,7,9,12,8,15,16,14]",,,Niedrig,Deutsch,"Gebärdensprachler vor Ort, Rollstuhlgerechter Zugang",Teilhabefachdienst,"Der Teilhabefachdienst erbringt Eingliederungs-Hilfe für erwachsene Menschen mit Behinderung. Die Eingliederungs-Hilfe hilft Menschen mit Behinderung. Dass sie über ihr Leben selbst bestimmen können.
Sie sollen bei allem mitmachen können.",Hohenzollerndamm,174,,10713,Charlottenburg-Wilmersdorf,Wilmersdorf,030 9029-10,soz117@charlottenburg-wilmersdorf.de,https://www.berlin.de/ba-charlottenburg-wilmersdorf/verwaltung/aemter/soziales/materielle-hilfen/behinderung/,nein,Geschlossen,09:00 - 12:00,Geschlossen,09:00 - 12:00,Geschlossen,Geschlossen,Geschlossen,"Bitte Termin vereinbaren: telefonisch, per Mail",,52.48928,13.3113,true
206,Sen015,Teilhabefachdienst Friedrichshain-Kreuzberg,Bezirksamt Friedrichshshain-Kreuzberg,1,Amt,"[""L"",1,3,5,6,2,4,10,11,7,9,12,8,15,16,14]",,,Niedrig,Deutsch,"Rollstuhlgerechter Zugang, Rollstuhlgerechte Einrichtung",Teilhabefachdienst,"Der Teilhabefachdienst berät, begleitet und unterstützt Menschen, für die eine gleichberechtigte Teilhabe an der der Gesellschaft schwierig ist. Dafür berät er, ob und wie man Unterstützung, wie beispielweise betreutes Wohnen, Angebote zur Tagesstruktur oder eine Assistenz, erhalten kann. ",Yorckstraße,4-11,,10965,Friedrichshain-Kreuzberg,Kreuzberg,keine,sozialamt@ba-fk.berlin.de,https://www.berlin.de/ba-friedrichshain-kreuzberg/politik-und-verwaltung/aemter/amt-fuer-soziales/teilhabefachdienst-fuer-menschen-mit-behinderung/,nein,Geschlossen,Geschlossen,Geschlossen,Geschlossen,Geschlossen,Geschlossen,Geschlossen,"Bitte Termin vereinbaren: telefonisch, per Mail",,52.49378,13.38529,true
207,404,Teilhabefachdienst Jugend Charlottenburg-Wilmersdorf,"Bezirksamt Charlottenburg-Wilmerdsdorf, Abt. Jugend und Gesundheit, Jugendamt",1,Amt,"[""L"",1,3,5,6,2,4,10,11,7,9,12,8,15,16,14,20]",Kinder & Jugendliche,,Niedrig,Deutsch,Rollstuhlgerechter Zugang,Teilhabefachdienst,Wir helfen im Rahmen der Eingliederungshilfe nach § 35a Sozialgesetzbuch-Achtes Buch (SGB VIII ) durch verschiedene Förderungen und therapeutische Hilfen.,Hohenzollerndamm,177,3. Etage,10713,Charlottenburg-Wilmersdorf,Wilmersdorf,030 9029-15999,Jug-Teilhabe@charlottenburg-Wilmersdorf.de,https://www.berlin.de/ba-charlottenburg-wilmersdorf/verwaltung/aemter/jugend/finanzielle-leistungen/artikel.894007.php,nein,Geschlossen,09:00 - 11:00,Geschlossen,16:00 - 18:00,Geschlossen,Geschlossen,Geschlossen,"Bitte Termin vereinbaren: telefonisch, per Mail",,52.48937,13.31224,true
208,Sen023,Teilhabefachdienst Jugend Friedrichshain-Kreuzberg,Bezirksamt Friedrichshshain-Kreuzberg,1,Amt,"[""L"",1,3,5,6,2,4,10,11,7,9,12,8,15,16,14,20]",Kinder & Jugendliche,,Niedrig,Deutsch,"Rollstuhlgerechter Zugang, Rollstuhlgerechte Einrichtung",Teilhabefachdienst,"Der Teilhabefachdienst berät, begleitet und unterstützt Menschen, für die eine gleichberechtigte Teilhabe an der der Gesellschaft schwierig ist. Dafür berät er, ob und wie man Unterstützung, wie beispielweise betreutes Wohnen, Angebote zur Tagesstruktur oder eine Assistenz, erhalten kann. ",Frankfurter Allee,35/37,,10247,Friedrichshain-Kreuzberg,Friedrichshain,"030 90298-2486 ",Jugendamt-Teilhabefachdienst@ba-fk.berlin.de,https://www.berlin.de/ba-friedrichshain-kreuzberg/politik-und-verwaltung/aemter/jugendamt/fachdienste/leistungsbereich/artikel.151542.php#kontakt,nein,Geschlossen,Geschlossen,Geschlossen,Geschlossen,Geschlossen,Geschlossen,Geschlossen,"Bitte Termin vereinbaren: telefonisch, per Mail",Darüber hinaus ist unter der Telefonnummer (030) 90298-1414 das Jugendamt (FamilienServiceBüro) zentral Montag bis Freitag von 9:00 bis 12:00 Uhr und Montag bis Donnerstag von 13:00 bis 15:00 Uhr erreichbar.,52.51529,13.46194,true
209,Sen021,Teilhabefachdienst Jugend Lichtenberg,Bezirksamt Lichtenberg,1,Amt,"[""L"",1,3,5,6,2,4,10,11,7,9,12,8,15,16,14,20]",Kinder & Jugendliche,,Niedrig,Deutsch,Rollstuhlgerechter Zugang,Teilhabefachdienst,"Der Teilhabefachdienst berät, begleitet und unterstützt Menschen, für die eine gleichberechtigte Teilhabe an der der Gesellschaft schwierig ist. Dafür berät er, ob und wie man Unterstützung, wie beispielweise betreutes Wohnen, Angebote zur Tagesstruktur oder eine Assistenz, erhalten kann. ",Große-Leege-Straße,103,Raum 630/632,13055,Lichtenberg,Fennpfuhl,030 90296-7272,teilhabefachdienst.jug@lichtenberg.berlin.de,https://www.berlin.de/ba-lichtenberg/auf-einen-blick/buergerservice/familie/artikel.280188.php,nein,Geschlossen,Geschlossen,Geschlossen,09:00 - 12:00; 15:00 - 18:00,Geschlossen,Geschlossen,Geschlossen,"Bitte Termin vereinbaren: telefonisch, per Mail",,52.54512,13.49999,true
210,Sen019,Teilhabefachdienst Jugend Marzahn-Hellersdorf,Bezirksamt Marzahn-Hellersdorf,1,Amt,"[""L"",6,16,20]",Kinder & Jugendliche,,Niedrig,Deutsch,"Rollstuhlgerechter Zugang, Rollstuhlgerechte Einrichtung",Jugendamt,"Der Teilhabefachdienst Jugend berät Familien mit Kindern, die eine geitsige und/ oder körperliche Behinderung haben zu Fördermöglichkeiten und zu ihrem jeweiligen Anspruch auf Leistungen der Eingliederungshilfen nach dem SGB IX. Eingliederungshilfe für Kinder und Jugendliche mit einer (drohenden) seelischen Behinderung wird nach dem § 35a SGB VIII geprüft und ggf. gewährt. Im Bezirk Marzahn-Hellersdorf wird diese Prüfung und ggf. eine Hilfeplanung durch den Regionalen Sozialpädagogischen Dienst (RSD) des Jugendamtes vorgenommen. Sie können einen Antrag auf Eingliederungshilfe für Ihr Kinder mit einer seelischen Behinderung auch beim Teilhabefachdienst Jugend einreichen. Diese werden dann an den Regionalen Sozialpädagogischen Dienst Ihrer Region weitergegeben.",Riesaer Straße,94,,12627,Marzahn-Hellersdorf,Hellersdorf,030 90293-4141,teilhabejug@ba-mh.berlin.de,https://www.berlin.de/ba-marzahn-hellersdorf/politik-und-verwaltung/aemter/jugendamt/finanzielle-leistungen/artikel.238546.php,nein,Geschlossen,Geschlossen,Geschlossen,Geschlossen,Geschlossen,Geschlossen,Geschlossen,"Bitte Termin vereinbaren: telefonisch, per Mail",,52.53129,13.61631,true
211,Sen024,Teilhabefachdienst Jugend Mitte,Bezirksamt Mitte,1,Amt,"[""L"",1,3,5,6,2,4,10,11,7,9,12,8,15,16,14,20]",Kinder & Jugendliche,,Niedrig,Deutsch,Keine Angabe,Teilhabefachdienst,"Der Teilhabefachdienst berät, begleitet und unterstützt Menschen, für die eine gleichberechtigte Teilhabe an der der Gesellschaft schwierig ist. Dafür berät er, ob und wie man Unterstützung, wie beispielweise betreutes Wohnen, Angebote zur Tagesstruktur oder eine Assistenz, erhalten kann. ",Karl-Marx-Allee,31,"Rathaus Mitte, 9. Etage",10178,Mitte,Mitte,"030 9018-23186, 030 9018-22891",thfd-jug-eingangsmanagement@ba-mitte.berlin.de,https://www.berlin.de/ba-mitte/politik-und-verwaltung/aemter/jugendamt/das-jugendamt-in-meinem-kiez-entdecken/ueberregional/artikel.1016434.php,nein,Geschlossen,Geschlossen,Geschlossen,Geschlossen,Geschlossen,Geschlossen,Geschlossen,Bitte Termin vereinbaren: per Mail,,52.5212,13.42297,true
212,Sen025,Teilhabefachdienst Jugend Neukölln,Bezirksamt Neukölln,1,Amt,"[""L"",1,3,5,6,2,4,10,11,7,9,12,8,15,16,14,20]",Kinder & Jugendliche,,Niedrig,Deutsch,Keine Angabe,Teilhabefachdienst,"Der Teilhabefachdienst berät, begleitet und unterstützt Menschen, für die eine gleichberechtigte Teilhabe an der der Gesellschaft schwierig ist. Dafür berät er, ob und wie man Unterstützung, wie beispielweise betreutes Wohnen, Angebote zur Tagesstruktur oder eine Assistenz, erhalten kann. ",Karl-Marx-Straße,83,,12043,Neukölln,Neukölln,030 90239-0,Teilhabefachdienst-Jugend@bezirksamt-neukoelln.de,https://www.berlin.de/ba-neukoelln/politik-und-verwaltung/aemter/jugendamt/angebote-fuer-kinder-jugend-und-familien/artikel.288092.php,nein,Geschlossen,09:00 - 13:00,Geschlossen,16:00 - 18:00,Geschlossen,Geschlossen,Geschlossen,"Bitte Termin vereinbaren: telefonisch, per Mail",,52.48133,13.43498,true
213,365,Teilhabefachdienst Jugend Pankow,"Bezirksamt Pankow, Jugendamt",1,Amt,"[""L"",1,3,5,6,2,4,10,11,7,9,12,8,16,14,20]",Kinder & Jugendliche,,Niedrig,"Deutsch, Englisch",Rollstuhlgerechter Zugang,Teilhabefachdienst,"Der Teilhabefachbereich beinhaltet die Beratung und Hilfen für seelisch behinderte Kinder und Jugendliche nach dem § 35a SGB VIII, körperlich und geistig behinderten Kindern und Jugendlichen nach dem SGB IX und dem wesentlich erhöhten Förderbedarf für Kinder mit Beeinträchtigungen in den Kindertageseinrichtungen.",Tino-Schwierzina-Straße,32,,13089,Pankow,Weißensee,030 90295-4000,teilhabefachdienstjugend@ba-pankow.berlin.de,https://www.berlin.de/jugendamt-pankow/dienste-und-leistungen/ergaenzender-sozialdienst/teilhabefachbereich/teilhabefachbereich-144174.php,nein,Geschlossen,09:00 - 12:00,Geschlossen,15:00 - 18:00,Geschlossen,Geschlossen,Geschlossen,"Bitte Termin vereinbaren: vor Ort, telefonisch, per Mail",,52.56009,13.43357,true
214,Sen018,Teilhabefachdienst Jugend Reinickendorf,Bezirksamt Reinickendorf,1,Amt,"[""L"",1,3,5,6,2,4,10,11,7,9,12,8,15,16,14,20]",Kinder & Jugendliche,,Niedrig,Deutsch,"Rollstuhlgerechter Zugang, Rollstuhlgerechte Einrichtung",Teilhabefachdienst,"Der Teilhabefachdienst berät, begleitet und unterstützt Menschen, für die eine gleichberechtigte Teilhabe an der der Gesellschaft schwierig ist. Dafür berät er, ob und wie man Unterstützung, wie beispielweise betreutes Wohnen, Angebote zur Tagesstruktur oder eine Assistenz, erhalten kann. ",Nimrodstraße,4 - 14,"Aufgang A, 3. Etage",13469,Reinickendorf,Waidmannslust,030 90294-5199,Teilhabefachdienst-Jug@reinickendorf.berlin.de,https://www.berlin.de/ba-reinickendorf/politik-und-verwaltung/aemter/jugendamt/leistungen/artikel.130243.php,nein,Geschlossen,09:00 - 12:00,Geschlossen,16:00 - 18:00,Geschlossen,Geschlossen,Geschlossen,"Bitte Termin vereinbaren: telefonisch, per Mail",,52.60496,13.32004,true
215,471,Teilhabefachdienst Jugend Spandau,"Bezirksamt Spandau, Jugendamt",1,Amt,"[""L"",1,3,5,6,2,4,10,11,7,9,12,8,15,16,14,20]",Kinder & Jugendliche,,Niedrig,Deutsch,Rollstuhlgerechter Zugang,Teilhabefachdienst,"Aufgabe des Teilhabefachdienstes Jugend ist es, eine drohende Behinderung zu verhüten oder eine vorhandene Behinderung oder deren Folgen zu beseitigen oder zu mildern und Kinder und Jugendliche mit Behinderung in die Gesellschaft einzugliedern.",Klosterstraße,36,Jugendamt,13581,Spandau,Wilhelmstadt,030 902793200,teilhabefachdienst.jugend@ba-spandau.berlin.de,https://www.berlin.de/ba-spandau/politik-und-verwaltung/aemter/jugendamt/materielle-und-familienunterstuetzende-hilfen/teilhabefachdienst-jugend-267936.php,nein,Geschlossen,Geschlossen,Geschlossen,Geschlossen,Geschlossen,Geschlossen,Geschlossen,"Bitte Termin vereinbaren: telefonisch, per Mail",Sprechzeiten ausschließlich nach vorheriger Vereinbarung (telefonisch bzw. Mail),52.53249,13.19862,true
216,Sen020,Teilhabefachdienst Jugend Steglitz-Zehlendorf,Bezirksamt Steglitz-Zehlendorf,1,Amt,"[""L"",1,3,5,6,2,4,10,11,7,9,12,8,15,16,14,20]",Kinder & Jugendliche,,Niedrig,Deutsch,Keine Angabe,Teilhabefachdienst,"Der Teilhabefachdienst berät, begleitet und unterstützt Menschen, für die eine gleichberechtigte Teilhabe an der der Gesellschaft schwierig ist. Dafür berät er, ob und wie man Unterstützung, wie beispielweise betreutes Wohnen, Angebote zur Tagesstruktur oder eine Assistenz, erhalten kann. ",Kirchstraße,1/3,,14163,Steglitz-Zehlendorf,Zehlendorf,"030 90299-3576 ",jugendamt-thfd@ba-sz.berlin.de,https://www.berlin.de/ba-steglitz-zehlendorf/politik-und-verwaltung/aemter/jugendamt/beratung-und-unterstuetzung/blb/artikel.331387.php,nein,10:00 - 14:00,10:00 - 14:00,10:00 - 14:00,15:00 - 18:00,10:00 - 14:00,Geschlossen,Geschlossen,"Bitte Termin vereinbaren: telefonisch, per Mail",Unsere Sprechstunden sind Dienstag 09:00-13:00 Uhr und Donnerstag 16:00-18:00 Uhr.,52.43333,13.25795,true
217,Sen026,Teilhabefachdienst Jugend Tempelhof-Schöneberg,Bezirksamt Tempelhof-Schöneberg,1,Amt,"[""L"",1,3,5,6,2,4,10,11,7,9,12,8,15,16,14,20]",Kinder & Jugendliche,,Niedrig,Deutsch,Rollstuhlgerechter Zugang,Teilhabefachdienst,"Der Teilhabefachdienst berät, begleitet und unterstützt Menschen, für die eine gleichberechtigte Teilhabe an der der Gesellschaft schwierig ist. Dafür berät er, ob und wie man Unterstützung, wie beispielweise betreutes Wohnen, Angebote zur Tagesstruktur oder eine Assistenz, erhalten kann. ",Rathausstraße,27,,12105,Tempelhof-Schöneberg,Mariendorf,030 90277-1999,teilhabefachdienst-jugend@ba-ts.berlin.de,https://www.berlin.de/ba-tempelhof-schoeneberg/politik-und-verwaltung/aemter/jugendamt/wir-fuer-kinder-jugendliche-und-familien/der-teilhabefachdienst-fuer-kinder-und-jugendliche-thfd-jug-in-tempelhof-schoeneberg-904318.php,nein,09:00 - 12:00,09:00 - 12:00,09:00 - 12:00,16:00 - 18:00,09:00 - 12:00,Geschlossen,Geschlossen,"Bitte Termin vereinbaren: telefonisch, per Mail",,52.44587,13.37917,true
218,Sen022,Teilhabefachdienst Jugend Treptow-Köpenick,Bezirksamt Treptow-Köpenick,1,Amt,"[""L"",1,3,5,6,2,4,10,11,7,9,12,8,15,16,14,20]",Kinder & Jugendliche,,Niedrig,Deutsch,Keine Angabe,Teilhabefachdienst,"Der Teilhabefachdienst berät, begleitet und unterstützt Menschen, für die eine gleichberechtigte Teilhabe an der der Gesellschaft schwierig ist. Dafür berät er, ob und wie man Unterstützung, wie beispielweise betreutes Wohnen, Angebote zur Tagesstruktur oder eine Assistenz, erhalten kann. ",Groß-Berliner Damm,154,,12489,Treptow-Köpenick,Adlershof,030 90297-5199,Teilhabefachdienst.JUG@ba-tk.berlin.de,https://www.berlin.de/ba-treptow-koepenick/politik-und-verwaltung/aemter/jugendamt/ueber-uns/artikel.109070.php,nein,Geschlossen,09:00 - 12:00,Geschlossen,14:00 - 18:00,Geschlossen,Geschlossen,Geschlossen,"Bitte Termin vereinbaren: telefonisch, per Mail","Sprechzeiten: Dienstag von 9:00 – 12:00 Uhr und Donnerstag von 14:00 – 18:00 Uhr. ",52.43405,13.53115,true
219,Sen014,Teilhabefachdienst Lichtenberg,Bezirksamt Lichtenberg,1,Amt,"[""L"",1,3,5,6,2,4,10,11,7,9,12,8,15,16,14]",,,Niedrig,Deutsch,"Rollstuhlgerechter Zugang, Rollstuhlgerechte Einrichtung",Teilhabefachdienst,"Der Teilhabefachdienst berät, begleitet und unterstützt Menschen, für die eine gleichberechtigte Teilhabe an der der Gesellschaft schwierig ist. Dafür berät er, ob und wie man Unterstützung, wie beispielweise betreutes Wohnen, Angebote zur Tagesstruktur oder eine Assistenz, erhalten kann. ",Alt-Friedrichsfelde,60,,10360,Lichtenberg,Friedrichsfelde,030 90296-4040,info.sozialamt@lichtenberg.berlin.de,https://www.berlin.de/ba-lichtenberg/politik-und-verwaltung/behoerdenwegweiser/artikel.337821.php,nein,Geschlossen,09:00 - 12:00,09:00 - 12:00,09:00 - 12:00,Geschlossen,Geschlossen,Geschlossen,"Bitte Termin vereinbaren: telefonisch, per Mail",,52.50937,13.52556,true
220,Sen013,Teilhabefachdienst Marzahn-Hellersdorf,Bezirksamt Marzahn-Hellersdorf,1,Amt,"[""L"",1,3,5,6,2,4,10,11,7,9,12,8,15,16,14]",,,Niedrig,Deutsch,"Rollstuhlgerechter Zugang, Rollstuhlgerechte Einrichtung",Teilhabefachdienst,,Riesaer Straße,94,,12627,Marzahn-Hellersdorf,Hellersdorf,030 90293-4397,Teilhabesoz@ba-mh.berlin.de,https://www.berlin.de/ba-marzahn-hellersdorf/politik-und-verwaltung/aemter/amt-fuer-soziales/eingliederung-fuer-behinderte/,nein,09:00 - 12:00,09:00 - 12:00,Geschlossen,09:00 - 12:00,Geschlossen,Geschlossen,Geschlossen,"Bitte Termin vereinbaren: telefonisch, per Mail",,52.53129,13.61631,true
221,392,Teilhabefachdienst Mitte,Bezirksamt Mitte,1,Amt,"[""L"",1,3,5,6,2,4,10,11,7,9,12,8,15,16,14]",,,Niedrig,Deutsch,Rollstuhlgerechter Zugang,Teilhabefachdienst,"Der Teilhabefachdienst ist zuständig für besondere Leistungen zur selbstbestimmten Lebensführung für Menschen mit Behinderungen (Eingliederungshilfe). 
Der Teilhabefachdienst berät und entscheidet über Leistungsanträge auf Eingliederungshilfe nach dem Sozialgesetzbuch Neuntes Buch (SGB IX).",Müllerstraße,146,Rathaus Wedding,13353,Mitte,Wedding,030 9018-42361,soz-eingliederungshilfe@ba-mitte.berlin.de,https://www.berlin.de/ba-mitte,nein,Geschlossen,Geschlossen,Geschlossen,Geschlossen,Geschlossen,Geschlossen,Geschlossen,"Bitte Termin vereinbaren: telefonisch, per Mail",,52.54766,13.3564,true
222,240,Teilhabefachdienst Neukölln,Bezirksamt Neukölln,1,Amt,"[""L"",1,3,5,6,2,4,10,11,7,9,12,8,15,16,14]",,,Niedrig,Deutsch,Rollstuhlgerechter Zugang,Teilhabefachdienst,"Der Teilhabefachdienst prüft Anträge auf Eingliederungshilfe nach dem SGB IX.
Menschen mit körperlichen, geistigen und seelischen Behinderungen, die durch ihre Behinderung in der Teilhabe eingeschränkt
sind, können hier Anträge stellen.",Karl-Marx-Straße,83,,12040,Neukölln,Neukölln,030 902390,soziales@bezirksamt-neukoelln.de,https://www.berlin.de/ba-neukoelln/,nein,Geschlossen,09:00 - 12:00,Geschlossen,Geschlossen,Geschlossen,Geschlossen,Geschlossen,"Termine können vereinbart werden: vor Ort, telefonisch, per Mail",Nach telefonischer Vereinbarung.,52.48133,13.43498,true
223,297,Teilhabefachdienst Pankow,Bezirksamt Pankow,1,Amt,"[""L"",1,3,5,6,2,4,10,11,7,9,12,8,15,16,14]",,,Niedrig,"Deutsch, Weitere Sprachen mit Sprachmittlung","Gebärdensprachler vor Ort, Rollstuhlgerechter Zugang",Teilhabefachdienst,"Hier können Leistungen der Eingliederungshilfe beantragt werden. Ziel der Eingliederungshilfe ist es, Menschen mit Behinderungen eine möglichst gleichberechtigte Teilhabe in allen Lebensbereichen zu ermöglichen und ihre Selbstbestimmung zu stärken. Es finden dazu auch Beratungen statt.",Fröbelstraße,17,Haus 3,10405,Pankow,Prenzlauer Berg,"030 902955-766, 030 902955-771",teilhabeplanung.sozialamt@ba-pankow.berlin.de,https://www.berlin.de/ba-pankow/politik-und-verwaltung/aemter/amt-fuer-soziales/teilhabe/,nein,Geschlossen,09:00 - 11:00,Geschlossen,09:00 - 11:00,Geschlossen,Geschlossen,Geschlossen,Keine Anmeldung nötig.,Außerhalb der Öffnungszeiten ist eine Vorsprache nur nach vorheriger Terminvereinbarung möglich.,52.5405,13.42734,true
224,437,Teilhabefachdienst Reinickendorf,Bezirksamt Reinickendorf,1,Amt,"[""L"",1,3,5,6,2,4,10,11,7,9,12,8,15,16,14]",,,Niedrig,Deutsch,Rollstuhlgerechter Zugang,Teilhabefachdienst,"Besondere Aufgabe des Teilhabefachdienstes ist die Beratung, Begleitung und Bedarfsermittlung und Gewährung von Leistungen der Eingliederungshilfe für Menschen mit Behinderungen.",Eichborndamm,215,,13437,Reinickendorf,Wittenau,030 902944098,Teilhabefachdienst-soz@reinickendorf.berlin.de,,nein,09:00 - 13:00,09:00 - 13:00,09:00 - 13:00,09:00 - 13:00,09:00 - 13:00,Geschlossen,Geschlossen,"Bitte Termin vereinbaren: vor Ort, telefonisch, per Mail",,52.589,13.32409,true
225,Sen016,Teilhabefachdienst Spandau,Bezirksamt Spandau,1,Amt,"[""L"",1,3,5,6,2,4,10,11,7,9,12,8,15,16,14]",,,Niedrig,Deutsch,"Rollstuhlgerechter Zugang, Rollstuhlgerechte Einrichtung",Teilhabefachdienst,"Der Teilhabefachdienst berät, begleitet und unterstützt Menschen, für die eine gleichberechtigte Teilhabe an der Gesellschaft schwierig ist. Wir beraten, ob und wie man Unterstützung bekommen kann. Leistungen sind beispielsweise betreutes Wohnen, Angebote zur Tagesstruktur oder eine Assistenz.",Galenstraße,14,,13597,Spandau,Spandau,030 90279-3548,teilhabefachdienst-soziales@ba-spandau.berlin.de,https://www.berlin.de/ba-spandau/politik-und-verwaltung/aemter/amt-fuer-soziales/artikel.442306.php,nein,Geschlossen,09:00 - 12:00,Geschlossen,Geschlossen,Geschlossen,Geschlossen,Geschlossen,"Bitte Termin vereinbaren: telefonisch, per Mail",,52.53676,13.19683,true
226,171,Teilhabefachdienst Steglitz-Zehlendorf,Bezirksamt Steglitz-Zehlendorf,1,Amt,"[""L"",1,3,5,6,2,4,10,11,7,9,12,8,15,16,14]",,,Niedrig,Deutsch,"Rollstuhlgerechter Zugang, Rollstuhlgerechte Einrichtung",Teilhabefachdienst,Antragstellung auf Leistungen zur Teilhabe; Sozialgesetzbuch IX; Ermittlung von Unterstützungs-/Hilfebedarfen; passgenaue Hilfen / Angebote finden / vermitteln;,Hanna-Renate-Laurien-Platz,1,,12247,Steglitz-Zehlendorf,Lankwitz,030 902990,soz-teilhabefachdienst@ba-sz.berlin.de,https://www.berlin.de/ba-steglitz-zehlendorf/politik-und-verwaltung/aemter/amt-fuer-soziales/teilhabefachdienst-soziales/,nein,Geschlossen,09:00 - 13:00,Geschlossen,09:00 - 13:00,Geschlossen,Geschlossen,Geschlossen,"Bitte Termin vereinbaren: vor Ort, telefonisch, per Mail",,52.43851,13.34354,true
227,Sen017,Teilhabefachdienst Tempelhof-Schöneberg,Bezirksamt Tempelhof-Schöneberg,1,Amt,"[""L"",1,3,5,6,2,4,10,11,7,9,12,8,15,16,14]",,,Niedrig,Deutsch,Rollstuhlgerechter Zugang,Teilhabefachdienst,"Der Teilhabefachdienst berät, begleitet und unterstützt Menschen, für die eine gleichberechtigte Teilhabe an der der Gesellschaft schwierig ist. Dafür berät er, ob und wie man Unterstützung, wie beispielweise betreutes Wohnen, Angebote zur Tagesstruktur oder eine Assistenz, erhalten kann. ",Tempelhofer Damm,165,,12099,Tempelhof-Schöneberg,Tempelhof,030 115,sozialwesen@ba-ts.berlin.de,https://www.berlin.de/ba-tempelhof-schoeneberg/politik-und-verwaltung/aemter/amt-fuer-soziales/artikel.338665.php,nein,Geschlossen,Geschlossen,Geschlossen,Geschlossen,Geschlossen,Geschlossen,Geschlossen,"Bitte Termin vereinbaren: telefonisch, per Mail",,52.46268,13.38591,true
228,324,Teilhabefachdienst Treptow-Köpenick,Bezirksamt Treptow-Köpenick,1,Amt,"[""L"",1,3,5,6,2,4,10,11,7,9,12,8,15,16,14]",,,Niedrig,"Deutsch, Russisch, Türkisch, Weitere Sprachen, Ukrainisch","Rollstuhlgerechter Zugang, Rollstuhlgerechte Einrichtung",Teilhabefachdienst,"Der Teilhabefachdienst berät, begleitet und unterstützt Menschen, für die eine gleichberechtigte Teilhabe an der der Gesellschaft schwierig ist. Dafür berät er, ob und wie man Unterstützung, wie beispielweise betreutes Wohnen, Angebote zur Tagesstruktur oder eine Assistenz, erhalten kann. ",Hans-Schmidt-Straße,18,,12489,Treptow-Köpenick,Adlershof,030 90297-0,sozialamt.poststelle@ba-tk.berlin.de,https://www.berlin.de/ba-treptow-koepenick/politik-und-verwaltung/aemter/amt-fuer-soziales/artikel.82884.php,nein,08:30 - 12:00,08:30 - 12:00,08:30 - 12:00,08:30 - 12:00,08:30 - 12:00,Geschlossen,Geschlossen,"Termine können vereinbart werden: vor Ort, telefonisch, per Mail",Die Sprechzeiten der allgemeinen Erstberatung sind Montag bis Freitag von 08:30 Uhr bis 12:00 Uhr. Telefon:030/90297-6125.,52.4341,13.53294,true
229,Sen108,Therapiegruppe für Frauen mit sexueller Gewalterfahrung,LARA - Verein gegen sexuelle Gewalt an Frauen e.V.,1,Selbsthilfe,"[""L"",23,17]",Frauen,,Mittel,Deutsch,Keine Angabe,Selbsthilfegruppe,,Fuggerstraße,19,,10777,Tempelhof-Schöneberg,,030 2168888,beratung@lara-berlin.de,https://lara-berlin.de/home,nein,Geschlossen,Geschlossen,Geschlossen,Geschlossen,15:30 - 17:30,Geschlossen,Geschlossen,Bitte Termin vereinbaren: telefonisch,,52.498694018581354,13.345360089802893,true
230,225,Therapieladen e.V.: Verein zur sozialen und psychotherapeutischen Betreuung Suchtmittelgefährdeter e.V.,Therapieladen e.V.: Verein zur sozialen und psychotherapeutischen Betreuung Suchtmittelgefährdeter e.V.,1,Beratung,"[""L"",9,8,25,20]","Angehörige, Kinder & Jugendliche",,Hoch,"Deutsch, Englisch",Keine Angabe,IGPP Handlungsfeld Drogen/Sucht,"Wir helfen allen, die psychische Probleme bzw. Suchtprobleme im Zusammenhang mit Ihrem Cannabiskonsum haben. Wir bitten suchtspezifische Einzel- und Gruppentherapie an. Für Minderjährige bieten wir auch Familientherapie an und unterstützen die Eltern.",Potsdamer straße,131,,10783,Tempelhof-Schöneberg,Schöneberg,030 23607790,info@therapieladen.de,https://www.therapieladen.de,nein,09:00 - 19:00,09:00 - 18:30,09:00 - 18:30,09:00 - 18:30,09:00 - 17:00,Geschlossen,Geschlossen,Bitte Termin vereinbaren: telefonisch,,52.49723,13.36212,true
231,533,TransVer- Ressourcen-Netzwerk zur interkulturellen Öffnung,Charité- Universitätsmedizin Berlin,1,Beratung,"[""L"",1,3,5,6,2,4,10,11,7,9,12,8,23,22]",Migration & Flucht,,Mittel,Alle Sprachen,Rollstuhlgerechter Zugang,Klinik mit Beratungsangebot,"Wir beraten Menschen mit Migrations- und Fluchtgeschichte bei psychischen Problemen in allen Sprachen. Wir informieren, vermitteln und begleiten Sie zu der für Sie richtigen Unterstützung und Behandlung.",Müllerstraße,156 A,1. Hinterhof,13353,Mitte,Wedding,030 20969040,transver@charite.de,https://www.transver-berlin.de,nein,Geschlossen,09:00 - 18:00,Geschlossen,09:00 - 17:00,Geschlossen,Geschlossen,Geschlossen,"Bitte Termin vereinbaren: vor Ort, telefonisch, per Mail",Sie können uns jederzeit anrufen oder eine email schreiben. Wir reagieren sofort.,52.54517322,13.3599995,true
232,312,Traumaambulanz Berlin,Friedrich von Bodelschwingh-Klinik,1,Beratung,"[""L"",23,25]",Angehörige,,Niedrig,"Deutsch, Englisch, ggf. können Dolmetscher hinzugezogen werden","Rollstuhlgerechter Zugang, Rollstuhlgerechte Einrichtung",Klinik mit Beratungsangebot,"Die Traumaambulanz bietet psychotherapeutische Unterstützung für Opfer von Gewalttat. Auch Personen, die eine Gewalttat als Zeuge miterlebt haben und nahstehende Personen, die in der Folge unter psychischer Belastung leiden, können in der Traumaambulanz kostenlos Unterstützung erhalten.",Landhausstraße,33,,10717,Charlottenburg-Wilmersdorf,Wilmersdorf,030 5472-7887,traumaambulanz@fvbk.de,https://www.bodelschwingh-klinik.de/einrichtungen-und-angebote/traumaambulanz.html,nein,09:00 - 16:00,09:00 - 16:00,09:00 - 16:00,09:00 - 16:00,09:00 - 16:00,Geschlossen,Geschlossen,"Bitte Termin vereinbaren: vor Ort, telefonisch, per Mail",,52.48951,13.32896,true
233,578,Treffpunkt Mexikoplatz,Perspektive Zehlendorf e. V.,1,Beratung,"[""L"",1,3,5,6,2]",,,Mittel,"Deutsch,Arabisch",Keine Angabe,Kontakt- und Beratungsstelle,"Die psychosoziale Kontakt- und Beratungsstelle steht allen Menschen offen, die gerne neue Kontakte knüpfen möchten, Sorgen, Probleme oder Ängste haben und Unterstützung suchen, in Behördenangelegenheiten Klarheit gewinnen wollen, sich in einer psychischen Krise befinden und Rat suchen (z.B. nach einem Klinikaufenthalt). Wir bieten bieten psychosoziale Beratung bei persönlichen, familiären oder psychischen Problemen an. Die Beratungen sind anonym und kostenlos.",Mexikoplatz,4,,14163,Steglitz-Zehlendorf,Zehlendorf,030 8017026,info@treffpunkt-mexikoplatz.de,https://www.perspektive-zehlendorf.de/de/beratung-und-betreuung/kontakt-und-beratungsstelle/kontakt-und-beratungstelle.php,nein,10:00 - 17:00,12:30 - 17:00,10:00 - 14:00,10:00 - 17:30,10:00 - 11:00,Geschlossen,Geschlossen,"Termine können vereinbart werden: vor Ort, telefonisch, per Mail","Offener Treff: Montag 13:00 - 14:30 Uhr, Dienstag 15:30 - 17:00 Uhr, Mittwoch 10:00 - 11:30 Uhr, Donnerstag 11:00 - 11:30 Uhr",52.43778542,13.23356473,true
236,563,Tuvan Vietnam Ambulanz,Evangelisches Krankenhaus Königin Elisabeth Herzberge,1,Beratung,"[""L"",1,22]",Migration & Flucht,,Mittel,Vietnamesisch,"Rollstuhlgerechter Zugang, Rollstuhlgerechte Einrichtung",Klinik mit Beratungsangebot,PIA CPC des Evangelisches Krankenhaus Königin Elisabeth Herzberge dient der ambulanten Behandlung von Menschen mit chronischen psychischen Erkrankungen. Die psychiatrische Behandlung und psychosoziale Beratung erfolgt stets mit muttersprachlicher vietnamesischer Sprachvermittlung.,Weissenseer Weg,111,,10369,Lichtenberg,Fennpfuhl,030 5472-4350,tuvan-vietnam@keh-berlin.de,https://www.keh-berlin.de,nein,Geschlossen,15:00 - 18:30,Geschlossen,Geschlossen,Geschlossen,Geschlossen,Geschlossen,"Bitte Termin vereinbaren: vor Ort, telefonisch, per Mail",,52.5271477,13.4786556,true
237,163,VAHA,Stiftung SPI,1,Beratung,"[""L"",16,5,1,3,23]",,,Mittel,"Deutsch, Englisch, Türkisch, Arabisch, Kurdisch, weitere Sprachen mit Dolmetschdiensten",Keine Angabe,IGPP Handlungsfeld Besondere Bedarfslagen,VAHA ist ein offener Treffpunkt mit gesundheitlicher Beratung für Frauen und Mädchen mit Migrationshintergrund und/oder Fluchterfahrung.,Torfstraße,20,,13353,Mitte,,030 23935708,vaha@gwb.stiftung-spi.de,https://www.stiftung-spi.de/service/projekte/detail/vaha,nein,Geschlossen,09:30 - 16:00,09:30 - 16:00,09:30 - 16:00,Geschlossen,Geschlossen,Geschlossen,Keine Anmeldung nötig.,Freitag nach Vereinbarung.,52.54124,13.35032,true
238,593,Wigwam Zero,Verbund für integrative soziale und therapeutische Arbeit gGmbH (vista gGmbH),1,Beratung,"[""L"",7,14,17,25]","Frauen, Angehörige",,Mittel,"Deutsch, Sonstige","Rollstuhlgerechter Zugang, Rollstuhlgerechte Einrichtung",Kontakt- und Beratungsstelle,"Wenn Sie schwanger sind, dürfen Sie keinen Alkohol trinken. Wenn Sie Alkohol trinken, kann sich Ihr Baby nicht gut entwickeln. Wir können persönlich miteinander reden. Wenn Sie möchten, müssen Sie Ihren Namen nicht sagen. Zum Thema Alkoholkonsum in der Schwangerschaft führen wir auch Schulungen und weitere Präventionsarbeit durch.",Stromstraße,47,,10551,Mitte,Moabit,030 224451-414,wigwam-zero@vistaberlin.de,https://www.wigwamzero.de,nein,09:00 - 14:00,09:00 - 14:00,09:00 - 14:00,09:00 - 14:00,09:00 - 14:00,Geschlossen,Geschlossen,"Eine vorherige Anmeldung ist gewünscht.: Persönlich vor Ort, Telefonische Terminvergabe, Terminvergabe per Mail",,52.52940825,13.34244788,true
239,Sen078,Wohnortnahe psychosoziale Beratung und Hilfen zur Selbsthilfe rheumakranker Menschen,Deutsche Rheuma-Liga Berlin e. V.,1,Beratung,"[""L"",16,20,21]","Kinder & Jugendliche, Senioren",,Hoch,Deutsch,"Rollstuhlgerechter Zugang, Rollstuhlgerechte Einrichtung",IGPP Handlungsfeld Besondere Bedarfslagen,"Wohnortnahe Beratung zu allen Themen, die sich bei rheumatischen Erkrankungen ergeben, unter anderem: ambulante und stationäre Versorgung und Bewegungsangebote, sozialrechtliche Themen, Selbsthilfemöglichkeiten, Themen rund um die Krankheitsbewältigung, Informationsveranstaltungen, ehrenamtliches Engagement",Mariendorfer Damm,161a,Hauptgeschäftsstelle,12107,Tempelhof-Schöneberg,,030 322902950,beratung@rheuma-liga-berlin.de,https://rheuma-liga-berlin.de/,nein,09:00 - 16:00,09:00 - 16:00,09:00 - 16:00,09:00 - 13:00; 14:00 - 17:00,Geschlossen,Geschlossen,Geschlossen,"Bitte Termin vereinbaren: telefonisch, per Mail","abweichend in den bezirklichen Treffpunkten und Beratungsstellen, auf Anfrage",52.43741,13.38862,true
240,575,XENION - Psychosoziale Hilfen für politisch Verfolgte e.V.,XENION - Psychosoziale Hilfen für politisch Verfolgte e.V.,1,Beratung,"[""L"",3,6,23,22]",Migration & Flucht,,Mittel,"Deutsch,Arabisch,Bosnisch,Serbisch,Kroatisch,Englisch,Französisch,Kurdisch,Polnisch,Rumänisch,Russisch,Türkisch,Weitere Sprachen mit Sprachmittlung",Keine Angabe,Sonstiges,"XENION unterstützt Geflüchtete, die Gewalt und Traumata erfahren haben. Wir helfen mit Psychotherapie, Beratung zu Asyl- und Aufenthaltsrecht und Alltagsbegleitung.",Paulsenstraße,55,,12163,Steglitz-Zehlendorf,Steglitz,030 880667322,info@xenion.org,https://www.xenion.org/,nein,Geschlossen,Geschlossen,Geschlossen,Geschlossen,Geschlossen,Geschlossen,Geschlossen,"Bitte Termin vereinbaren: telefonisch, per Mail",,52.46051995,13.31065627,true
241,500,ZENTRUM FÜR VERHALTENSSUCHT Café Beispiellos + Lost in Space,Caritasverband für das Erzbistum Berlin e.V.,1,Beratung,"[""L"",10,11,25]",Angehörige,,Hoch,"Deutsch, Arabisch, Bosnisch, Serbisch, Kroatisch, Englisch, Russisch",Rollstuhlgerechter Zugang,IGPP Handlungsfeld Drogen/Sucht,"Hilfe bei Verhaltenssüchten. Ob Glücksspielsucht, Computerspielsucht, Internetsucht, Kaufsucht oder Pornografiesucht – Verhaltenssüchte nehmen zu und es wird immer leichter, unbemerkt abzutauchen und sich in einer anderen Welt zu verlieren, bis sie das Leben beherrschen. Wenn Sie denken, Sie sind gefährdet oder bereits süchtig, sind Sie bei uns richtig. Oft sind es auch die Angehörigen, die sich Sorgen machen und Beratung wünschen.",Wartenburgstraße,8,,10963,Friedrichshain-Kreuzberg,Kreuzberg,030 66633955,verhaltenssucht@caritas-berlin.de,https://www.verhaltenssucht-berlin.de,nein,09:00 - 20:00,09:00 - 20:00,09:00 - 20:00,09:00 - 20:00,09:00 - 15:00,Geschlossen,Geschlossen,"Bitte Termin vereinbaren: vor Ort, telefonisch, Online",,52.49579,13.38043,true
242,612,ZENTRUM FÜR VERHALTENSSUCHT DIGITAL - voll normal?!,Caritas Berlin | Caritasverband für das Erzbistum Berlin e.V.,1,Beratung,"[""L"",11]",,,Hoch,"Deutsch, Englisch, Türkisch",Rollstuhlgerechter Zugang,Sonstiges,DIGITAL – voll normal?! bietet Unterstützung auf dem Weg in ein selbstbestimmtes und gesundes digitales Leben - und das von Anfang an. In unserem Angebot finden Sie für jedes Alter das geeignete Programm. Mit Workshops und Projekttagen werden Kinder und Jugendliche für einen gesunden Umgang mit digitalen Medien sensibilisiert. Auf Elternabenden erhalten Erwachsene praktische Lösungsansätze für eine erfolgreiche Medienerziehung zu Hause. In Fortbildungsveranstaltungen werden Fachkräfte in ihrer täglichen Arbeit mit Heranwachsenden unterstützt. Machen Sie mit!,Schreinerstraße,30,,10247,Friedrichshain-Kreuzberg,Kreuzberg,030 66633959,digitalvollnormal@caritas-berlin.de,https://digitalvollnormal.de,nein,Geschlossen,Geschlossen,Geschlossen,Geschlossen,Geschlossen,Geschlossen,Geschlossen,Termine können vereinbart werden: per Mail,,52.48862383,13.422583,true
243,548,Zentrum ÜBERLEBEN gGmbH,Zentrum ÜBERLEBEN gGmbH,1,Beratung,"[""L"",23,22]",Migration & Flucht,,Hoch,"Bosnisch, Serbisch, Kroatisch, Bulgarisch, Englisch, Französisch, Kurdisch, Polnisch, Rumänisch, Russisch, Türkisch, Farsi, Dari, Ukrainisch, Urdu, Hindi, Mandinka, Wolof, Albanisch, Sorani, Fila, Sousou",Rollstuhlgerechter Zugang,Sonstiges,"Unsere Arbeit hilft Menschen, die u.a. durch Folter, Krieg oder auf der Flucht unfassbares Leid erfahren haben, zu stabilisieren und ihnen neue Perspektiven zu eröffnen. Hierfür stehen folgende Angebote zu Verfügung: medizinische und psychologische Diagnostik, soziale Beratung und Unterstützung, medizinische und psychotherapeutische Behandlung (einzeln und in der Gruppe). Für die sprachliche Verständigung stehen Dolmetscher*innen zur Verfügung. Die Angebote richten sich an geflüchtete Menschen mit Kriegs-/Folter-/ und Verfolgungserfahrung, traumatisierte geflüchtete Menschen",Turmstraße,21,"Haus K, Aufgang D, 3. OG",10559,Mitte,Moabit,030 3039060,mail@ueberleben.org,https://www.ueberleben.org/,nein,09:00 - 17:00,09:00 - 17:00,09:00 - 17:00,09:00 - 17:00,09:00 - 17:00,Geschlossen,Geschlossen,Bitte Termin vereinbaren: telefonisch,"Telefonsprechstunde Ambulante Abteilung für Erwachsene: Mittwochs 11:00 bis 12:00 Uhr Tel.: 030 3039060, Telefonsprechstunde Ambulante Abteilung für Kinder und Jugendliche: Mittwochs 12:00 bis 13:00 Uhr, Tel.: 030 30390611",52.526463,13.347993,true
245,99,Berliner Krisendienst Spandau,"Albatros gGmbH , Caritasverband für das Erzbistum Berlin e.V. ,  Neuhland Hilfe in Krisen gGmbH , Kontakt- und Begegnungsstätte e.V. (KBS e.V.); Krisen- und Beratungsdienst e.V. (KUB e.V.); Platane 19 gGmbH",1,Beratung,"[""L"",1,3,5,6,2,4,10,11,7,9,12,8,15,16,14]",,,Niedrig,"Deutsch, Englisch, ggf. können Dolmetscher hinzugezogen werden",Keine Angabe,Krisendienst,"Der Berliner Krisendienst hilft schnell und qualifiziert bei psychosozialen Krisen bis hin zu akuten psychiatrischen Notsituationen. Kostenlos. 24 Stunden am Tag. Auf Wunsch anonym. Telefonisch, persönlich und in zugespitzten Situationen vor Ort (ggf. mit Ärzt*in in Rufbereitschaft). Onlineberatungen nach Terminvergabe. An 9 Berliner Standorten auch in Ihrer Nähe.",Charlottenstraße,13,,13597,Spandau,Spandau,030 3906330,info@berliner-krisendienst.de,https://www.berliner-krisendienst.de,nein,16:00 - 00:00,16:00 - 00:00,16:00 - 00:00,16:00 - 00:00,16:00 - 00:00,16:00 - 00:00,16:00 - 00:00,Keine Anmeldung nötig.,"Überregionaler Bereitschaftsdienst aller Regionen. Nachts von 0:00 Uhr bis 8:00 Uhr und an den Wochenenden und Feiertagen von 8:00 bis 16:00 Uhr (in dringenden Fällen Hausbesuche, Ärzt*in in Rufbereitschaft): Große Hamburger Straße 5, 10115 Berlin-Mitte, im Ärztehaus Hedwig, Aufgang 1, EG links. Telefon 030 390 63 10. Werktags von 8 bis 16 Uhr nur telefonische Information und Weitervermittlung – Telefon 030 390 63 10.",52.53685,13.20303,true
246,258,Afrikaherz,Verband für Interkulturelle Arbeit Berlin/Brandenburg e.V.,1,Beratung,"[""L"",15,22]",Migration & Flucht,,Hoch,"Deutsch, Englisch, Französisch",Keine Angabe,IGPP Handlungsfeld Sexuell übertragbare Infektionen,"Migration und Gesundheit: Beratung, Begleitung und Betreuung von Menschen aus Sub- Sahara Afrika",Elsenstraße,75,,12059,Neukölln,Neukölln,030 35050013,afrikaherz@via-in-berlin.de,,nein,10:30 - 17:00,10:30 - 17:00,10:30 - 17:00,10:30 - 17:00,10:30 - 17:00,Geschlossen,Geschlossen,"Termine können vereinbart werden: vor Ort, telefonisch, per Mail, Online",,52.48544,13.44962,true
247,425,Alkohol- und Medikamentenberatung Spandau,vista gGmbH,1,Beratung,"[""L"",7,12,25]",Angehörige,,Mittel,"Deutsch, Englisch, Italienisch",Keine Angabe,Alkohol- und Medikamentenberatungsstelle,"Information und Beratung: Wirkung und Risiken von psychoaktiven Substanzen, Wege zu mehr Konsumkompetenz (Programme wie Kontrolliertes Trinken), Angebote der Selbsthilfe und Gruppen, Entzugsmöglichkeiten und Therapieformen, Angebote für Angehörige. Vermittlung in weiterführende Angebote, ambulante Therapie und Nachsorge.",Carl-Schurz-Straße,31,,13597,Spandau,Spandau,030 355308770,spandau@vistaberlin.de,https://vistaberlin.de/einrichtungen/alkohol-und-medikamentenberatung-spandau/,nein,09:00 - 16:00,09:00 - 16:00,09:00 - 16:00,09:00 - 16:00,09:00 - 14:00,Geschlossen,Geschlossen,"Termine können vereinbart werden: vor Ort, telefonisch, per Mail",,52.53708,13.20282,true
248,416,Ambulante Suchtberatung Mitte,vista gGmbH,1,Beratung,"[""L"",7,9,12,8,25]",Angehörige,,Mittel,"Deutsch, Englisch",Keine Angabe,IGPP Handlungsfeld Drogen/Sucht,"In unserem Zentrum für integrative Suchthilfe informieren und beraten wir Sie zu Konsum von psychoaktiven Substanzen (Drogen, Alkohol, Medikamente), zu Sucht, Entzug, Therapie und Nachsorge, zu Substitution, Safer Use, Infektionsprophylaxe und vieles mehr.
Wollen Sie Ihren Konsum reduzieren oder beenden? Wir unterstützen und begleiten Sie auf Ihrem Weg zu mehr Konsumkompetenz, um das Risiko gesundheitsschädigender Folgen zu reduzieren. Bei Bedarf vermitteln wir Sie weiter. 
Zu unseren Angeboten gehören auch die Sprechstunden für Jugendliche, Angehörige, Partydrogenkonsument*innen sowie Selbsthilfegruppen und angeleitete Gruppen.",Stromstraße,47,,10551,Mitte,Moabit,030 224451100,mitte@vistaberlin.de,https://vistaberlin.de/konsum-alkohol-medikamente-und-drogen,nein,10:00 - 17:00,10:00 - 17:00,10:00 - 19:00,10:00 - 17:00,10:00 - 17:00,Geschlossen,Geschlossen,"Termine können vereinbart werden: vor Ort, telefonisch, per Mail","Offene Sprechstunde: Mo 13:00 bis 14:30 Uhr, Mi 16:00 bis 18:00 Uhr, Do 10:30 bis 12:00 Uhr und nach Vereinbarung. Partydrogensprechstunde: Di 14:00 bis 16:00 Uhr. Sprechstunde für Jugendliche: Di 14:00 bis 16:00 Uhr. Sprechstunde für Angehörige: Fr 15:00 bis 16:00 Uhr (mit telefonischer Anmeldung).",52.5295,13.34287,true
249,422,Ambulante Suchtberatung Pankow,vista gGmbH,1,Beratung,"[""L"",7,9,12,8,25]",Angehörige,,Mittel,"Deutsch, Arabisch, Englisch",Keine Angabe,IGPP Handlungsfeld Drogen/Sucht,"In unserem Zentrum für integrative Suchthilfe informieren und beraten wir zum Konsum von psychoaktiven Substanzen (Drogen, Alkohol, Medikamente), zu Sucht, Entzug, Therapie und Nachsorge, zu Substitution, Safer Use, Infektionsprophylaxe und vieles mehr.
Wollen Sie Ihren Konsum reduzieren oder beenden? Wir unterstützen und begleiten Sie auf Ihrem Weg zu mehr Konsumkompetenz, um das Risiko gesundheitsschädigender Folgen zu reduzieren. Bei Bedarf vermitteln wir Sie weiter. 
Zu unseren Angeboten gehören auch die Sprechstunden für Jugendliche, Angehörige, Partydrogenkonsument*innen sowie Selbsthilfegruppen und angeleitete Gruppen.",Greifswalder Straße,87,,10409,Pankow,Pankow,030 4471110,pankow@vistaberlin.de,https://vistaberlin.de/,nein,11:00 - 17:00,11:00 - 17:00,10:00 - 17:00,11:00 - 18:00,10:00 - 15:00,Geschlossen,Geschlossen,"Termine können vereinbart werden: vor Ort, telefonisch, per Mail","Offene Sprechstunde: Mo 13:00 bis 15:00 Uhr, Di 11:00 bis 13:00 Uhr (nur telefonisch), Do 16:00 bis 18:00 Uhr und nach Vereinbarung. Partydrogensprechstunde: Mi 15:00 bis 16:30 Uhr. Sprechstunde für Jugendliche: Mi 15:00 bis 16:30 Uhr. Sprechstunde für Angehörige nach telefonischer Vereinbarung.",52.542,13.44099,true
250,518,Anlaufstelle für Psychiatriebetroffene,BOP&P e.V. (Berliner Organisation Psychiatrie-Erfahrener und Psychiatrie-Betroffener e.V.),1,Beratung,"[""L"",3,2,12,23,22,13,24]","Migration & Flucht, LSBTIQ*, Divers",,Mittel,"Deutsch, Englisch, Weitere Sprachen bei Bedarf",Gebärdensprachler vor Ort,IGPP Handlungsfeld Besondere Bedarfslagen,"Die Anlaufstelle wird geführt von einer Betroffenenorganisation, die auf Selbsthilfe und Selbstorganisation basiert mit Schwerpunkten auf psychiatrische Gewalt und Diskriminierung. Psychiatrieerfahrung ist untrennbar von sozialen, ökonomischen und politischen Strukturen, daher setzen wir uns für Gleichberechtigung und Grundfreiheiten in all diesen Bereichen ein.",Naumannstraße,48,"Erdgeschoss, rechts",10829,Tempelhof-Schöneberg,Schöneberg,030 98426176,anlaufstelle@bopp-ev.de,https://bopp-ev.de/anlaufstelle/,nein,Geschlossen,Geschlossen,Geschlossen,Geschlossen,Geschlossen,Geschlossen,Geschlossen,"Bitte Termin vereinbaren: telefonisch, per Mail","Die Öffnungszeiten der Anlaufstelle sind wechselhaft und auf der Webseite zu finden.
Momentan ist die Telefonzeit der Anlaufstelle jeden Mittwoch von 10 bis 13 Uhr.",52.48164,13.36325,true
251,102,Berliner Krisendienst Pankow,"Albatros gGmbH , Caritasverband für das Erzbistum Berlin e.V. ,  Neuhland Hilfe in Krisen gGmbH , Kontakt- und Begegnungsstätte e.V. (KBS e.V.); Krisen- und Beratungsdienst e.V. (KUB e.V.); Platane 19 gGmbH",1,Beratung,"[""L"",1,3,5,6,2,4,10,11,7,9,12,8,15,16,14]",,,Niedrig,"Deutsch, Englisch, ggf. können Dolmetscher hinzugezogen werden",Rollstuhlrechter Zugang,Krisendienst,"Der Berliner Krisendienst hilft schnell und qualifiziert bei psychosozialen Krisen bis hin zu akuten psychiatrischen Notsituationen. Kostenlos. 24 Stunden am Tag. Auf Wunsch anonym. Telefonisch, persönlich und in zugespitzten Situationen vor Ort (ggf. mit Ärzt*in in Rufbereitschaft). Onlineberatungen nach Terminvergabe. An 9 Berliner Standorten auch in Ihrer Nähe.",Mühlenstraße,48,,13187,Pankow,Pankow,030 3906340,info@berliner-krisendienst.de,https://www.berliner-krisendienst.de/ich-brauche-hilfe/pankow/,nein,16:00 - 00:00,16:00 - 00:00,16:00 - 00:00,16:00 - 00:00,16:00 - 00:00,16:00 - 00:00,16:00 - 00:00,Keine Anmeldung nötig.,"Überregionaler Bereitschaftsdienst aller Regionen. Nachts von 0:00 Uhr bis 8:00 Uhr und an den Wochenenden und Feiertagen von 8:00 bis 16:00 Uhr (in dringenden Fällen Hausbesuche, Ärzt*in in Rufbereitschaft): Große Hamburger Straße 5, 10115 Berlin-Mitte, im Ärztehaus Hedwig, Aufgang 1, EG links. Telefon 030 390 63 10. Werktags von 8 bis 16 Uhr nur telefonische Information und Weitervermittlung – Telefon 030 390 63 10.",52.56016,13.41205,true
252,465,Berliner Präventionspraxis,Fachstelle für Suchtprävention Berlin gGmbH,1,Beratung,"[""L"",11,7,9,12,8,25,20]","Angehörige, Kinder & Jugendliche",,Mittel,"Deutsch, Englisch, Weitere Sprachen, Spanisch, auf Anfrage weitere Sprachen mittels Sprachmittler*in möglich",Keine Angabe,Sonstiges von der SenWGP gefördertes Projekt,"Die Berliner Präventionspraxis bietet Unterstützung im Umgang mit Herausforderungen der Pubertät für Erziehende, Jugendliche und Fachkräfte, die mit Jugendlichen arbeiten. 

Die Themenfelder umfassen dabei erste Konsumerfahrungen oder auch emotionale Überforderung und Konflikte.

Wir beraten Sie zeitnah, unkompliziert und kostenfrei – ob persönlich in unseren Räumlichkeiten, per Zoom oder telefonisch.",Chausseestraße,128/129,2. OG,10115,Mitte,Mitte,030 29352644,info@berlin-praeventionspraxis.de,https://www.berlin-suchtpraevention.de/projekte/berliner-praeventions-praxis-raus-aus-der-grauzone/,nein,12:00 - 17:00,10:00 - 17:00,12:00 - 17:00,Geschlossen,Geschlossen,Geschlossen,Geschlossen,Keine Anmeldung nötig.,Termine können auch außerhalb der Öffnungszeiten vereinbart werden.,52.52870,13.385547,true
253,156,BeSu Berlin - Beratungsstelle für suizidbetroffene An- und Zugehörige,Telefonseelsorge Berlin e.V.,1,Beratung,"[""L"",3,6,25]",Angehörige,,Hoch,"Deutsch, Englisch",Keine Angabe,IGPP Handlungsfeld Besondere Bedarfslagen,"In Einzelgesprächen vor Ort, per Telefon oder Video bieten wir persönliche Beratung zur Entlastung, Unterstützung und Stabilisierung für Menschen an, die von Suiziddrohungen, Suizidversuchen oder einem vollendeten Suizid betroffen sind. Zudem bieten wir angeleitete Gruppen an.",Nansenstraße,27,,12047,Neukölln,Neukölln,030 62732734,mail@besu-berlin.de,https://www.besu-berlin.de,nein,Geschlossen,10:00 - 17:00,10:00 - 15:00,10:00 - 17:00,10:00 - 15:00,Geschlossen,Geschlossen,"Bitte Termin vereinbaren: telefonisch, per Mail",,52.49104,13.4319,true
254,234,Birkenstube,vista gGmbH,1,Beratung,"[""L"",9]",,,Mittel,"Deutsch, Bosnisch/Serbisch/Kroatisch, Englisch, Polnisch",Keine Angabe,IGPP Handlungsfeld Drogen/Sucht,Kontakt - und Anlaufstelle mit integriertem Drogenkonsumraum,Birkenstraße,51,,10556,Mitte,Moabit,030 44721353,,,nein,12:00 - 19:00,12:00 - 19:00,14:00 - 19:00,10:00 - 17:00,10:00 - 17:00,Geschlossen,Geschlossen,Keine Anmeldung nötig.,,52.5315,13.34362,true
255,946,Inter*Trans*Beratung queer leben,Schwulenberatung Berlin,1,Beratung,"[""L"",1,3,5,6,24,13,20,25]","Divers, LSBTIQ*, Kinder & Jugendliche, Angehörige",,Mittel,"Deutsch, Arabisch, Englisch, Russisch, Persisch, Weitere Sprachen mit Sprachmittlung
",Rollstuhlrechter Zugang,Kontakt-und Beratungsstelle,"Die Inter*Trans*Beratung queer leben berät trans*, inter* und nicht-binäre Menschen sowie deren Angehörige. Themen in der Beratung können alle Fragen rund um Geschlechtsidentität, soziale, rechtliche und medizinische Transition, psychische Belastung, Beziehungsfragen und viele weitere sein.",Hermannstraße,256,3. Stock (mit Fahrstuhl),12049,Neukölln,Neukölln,030 4466 88 111,beratung@queer-leben.de,https://schwulenberatungberlin.de/angebote/queer-leben/,nein,Geschlossen,Geschlossen,Geschlossen,15:00 - 17:00,Geschlossen,Geschlossen,Geschlossen,"Bitte Termin vereinbaren: telefonisch, per Mail",,52.485707,13.42445356,true
256,120,KBS Südlicht,ajb gmbh,1,Beratung,"[""L"",1,3,5,6,2]",,,Mittel,"Deutsch, Englisch",Rollstuhlgerechter Zugang,Kontakt- und Beratungsstelle,"Wir sind Anlaufstelle für Menschen, die seelische Krisen oder Erkrankungen erfahren haben. Wir bieten psychosoziale und psychologische Beratung, Gruppen und offenen Austausch.",Rudower Straße,27,,12351,Neukölln,Buckow,030 32528897,kbs-neukoelln@ajb-berlin.de,https://ajb-berlin.de/angebote/kontakt-und-beratungsstelle-neukoelln-suedlicht/,nein,10:00 - 17:00,10:00 - 17:00,10:00 - 17:00,10:00 - 17:00,10:00 - 14:00,Geschlossen,Geschlossen,"Termine können vereinbart werden: vor Ort, telefonisch, per Mail",,52.44137,13.45906,true
257,303,transit,ajb gmbh,1,Beratung,"[""L"",1,3,5,6,2,13,25,24]","LSBTIQ*, Angehörige, Divers",,Mittel,"Deutsch, Englisch, Russisch, Spanisch",Rollstuhlgerechte Einrichtung,Kontakt- und Beratungsstelle,"Wir bieten Gespräche und Informationen rund um das Thema psychische Gesundheit, Krisenbewältigung für junge Menschen und ihre Freund*innen und Angehörigen.",Grimmestraße,16,,10967,Friedrichshain-Kreuzberg,Kreuzberg,030 28476647,kbs@ajb-berlin.de,https://ajb-berlin.de/angebote/kontakt-und-beratungsstelle-friedrichshain-kreuzberg-transit/,nein,09:00 - 16:00,09:00 - 16:00,09:00 - 16:00,09:00 - 16:00,09:00 - 16:00,Geschlossen,Geschlossen,"Bitte Termin vereinbaren: telefonisch, per Mail",,52.49231,13.41242,true
259,Sen104,Angeleitete Gesprächsgruppe für Glücksspielabhängige,,1,Selbsthilfe,"[""L"",10]",,,Mittel,Deutsch,Keine Angabe,Selbsthilfegruppe,Nur offen für Betroffene.,Wartenburgstraße,8,,10963,Friedrichshain-Kreuzberg,Kreuzberg,030 66633955,cafe.beispiellos@caritas-berlin.de,https://verhaltenssucht-berlin.de/,nein,18:00 - 19:30,18:30 - 20:00,Geschlossen,18:30 - 19:45,Geschlossen,Geschlossen,Geschlossen,"Bitte Termin vereinbaren: telefonisch, per Mail","Jeden 1. und 2. Dienstag im Monat, nur für Angehörige.",52.49584100822124,13.380425868592882,true
260,Sen036,TeilHafen - Teilhabeleistungen für Menschen mit seelischer Behinderung im Rahmen der Duldung,Caritasverband für das Erzbistum Berlin e.V.,1,Beratung,"[""L"",7,1,6,9,5,23,8,16,12,2,3,22]",Migration & Flucht,,Niedrig,"Deutsch, Deutsch, Englisch, Arabisch, Farsi, Kurdisch, Weitere Sprachen mit Sprachmittlung",Keine Angabe,IGPP Handlungsfeld Besondere Bedarfslagen,"Bei BAYAN (بيان  = Klarheit) handelt es sich um eine mobile Beratung für Geflüchtete, mit dem Ziel, Menschen mit Suchtmittelkonsum und/oder psychischen Beeinträchtigungen  den Zugang in die Regelsysteme (v.a. die Eingliederungshilfe) und Anlaufstellen des Bezirks Steglitz-Zehlendorf zu erleichtern.",Lepsiusstraße,44,,12163,Steglitz-Zehlendorf,,0152 5913 7352,e.hoesch@caritas-berlin.de,,nein,Geschlossen,Geschlossen,10:00 - 13:00,Geschlossen,Geschlossen,Geschlossen,Geschlossen,"Termine können vereinbart werden.: telefonisch, per Mail",,52.46004,13.32601,true
261,Sen096,Beratung und Service (BuS),Lebensnähe gGmbH,1,Beratung,"[""L"",1,3,5,6,2]",,,Mittel,"Deutsch, Englisch, Arabisch, Russich, Weitere Sprachen",Keine Angabe,Kontakt- und Beratungsstelle,,Alt-Marzahn,25d,,12685,Marzahn-Hellersdorf,Marzahn,030 54973499,bus@lebensnaehe.de,http://lebensnaehe.de/2017/03/26/begegnungsstaette/,nein,10:00 - 17:00,13:00 - 15:00,11:00 - 13:00,13:00 - 16:00,12:00 - 15:00,Geschlossen,Geschlossen,"Bitte Termin vereinbaren: vor Ort, telefonisch, per Mail",,52.54446979,13.55909,true
262,Sen037,Beratungsstelle für Alkohol- und Medikamentenabhängige Menschen,Rettungsring e.V.,1,Beratung,"[""L"",7,12]",,,Mittel,"Deutsch, Englisch, Französisch",Keine Angabe,Alkohol- und Medikamentenberatungsstelle,,Backnanger Straße,9,,13467,Reinickendorf,,"030 40533176, 030 40582441",kontakt@rettungsring.org,https://www.rettungsring-ev.de/,nein,09:00 - 17:00,09:00 - 17:00,09:00 - 17:00,09:00 - 17:00,09:00 - 13:00,Geschlossen,Geschlossen,"Bitte Termin vereinbaren: telefonisch, per Mail",,52.61738,13.30563,true
263,Sen090,Checkpoint BLN,Schwulenberatung Berlin gGmbH,1,Beratung,"[""L"",15,18,24,13]","Männer, Divers, LSBTIQ*",,Hoch,"Deutsch, Englisch, Arabisch, Persisch, Russisch, Spanisch, Türkisch",Keine Angabe,IGPP Handlungsfeld Sexuell übertragbare Infektionen,"Im Checkpoint BLN gibt es für schwule und bisexuelle Männer sowie für trans* und inter* Personen Tests auf HIV und andere sexuell übertragbare Krankheiten, sowie medizinische Behandlung dieser Infektionen. Außerdem beraten wir dich zu deiner sexuellen Gesundheit, deinem Substanzkonsum oder queeren Themen.",Hermannstraße,256-258,,12049,Neukölln,,030 40364610,mail@checkpoint-bln.de,https://checkpoint-bln.de/,nein,14:00 - 20:00,14:00 - 20:00,14:00 - 20:00,14:00 - 20:00,14:00 - 20:00,Geschlossen,Geschlossen,Bitte Termin vereinbaren: Online,,52.48593,13.42446,true
264,Sen056,Integrative Suchtberatung Königsberger 11,Caritasverband für das Erzbistum Berlin e.V.,1,Beratung,"[""L"",7,9,12,8,25,20]","Angehörige, Kinder & Jugendliche",,Mittel,"Deutsch, Englisch, Kurdisch, Arabisch, Farsi, weitere Sprachen","Rollstuhlgerechter Zugang, Rollstuhlgerechte Einrichtung",IGPP Handlungsfeld Drogen/Sucht,"Wir bieten unsere professionelle Hilfe für Menschen an, die Probleme und Fragen rund um den Konsum von legalen und illegalen Suchtstoffen haben: Beratung (Präsenz, Telefon, Online), Frühintervention, Vermittlung, Betreutes Einzelwohnen, aufsuchende Arbeit in Haftanstalten, Ambulante Nachsorge. Die Beratung ist kostenlos und überkonfessionell.",Königsberger Straße,11,,12207,Steglitz-Zehlendorf,,030 6663390,sucht-koenigsberger@caritas-berlin.de,https://www.caritas-berlin.de/beratungundhilfe/berlin/sucht/beratung-und-therapie,nein,09:00 - 17:00,09:00 - 18:00,09:00 - 17:00,09:00 - 17:00,09:00 - 15:00,Geschlossen,Geschlossen,"Bitte Termin vereinbaren: telefonisch, per Mail",Offene Sprechstunde: Dienstag 16:00-18:00 Uhr.,52.43041,13.32005,true
265,Sen006,"Klinik für Psychiatrie, Psychotherapie und Psychosomatik",Vivantes Netzwerk für Gesundheit GmbH Auguste-Viktoria-Klinikum,1,Klinik,"[""L"",1,3,5,6,2,4,10,11,7,9,12,8,15,16,14]",,,Niedrig,Deutsch,Keine Angabe,Pflichtversorgende Klinik,Die Klinik versorgt im Bezirk Schöneberg psychisch kranke und suchtkranke Menschen mit besonders schweren Erkrankungen oder in akuten Notfällen. In allen Berliner Bezirken gibt es an mindestens einem Krankenhaus eine Fachabteilung für Psychiatrie oder ein psychiatrisches Fachkrankenhaus.,Rubensstraße,125,"Haus 18, 1. OG",12157,Tempelhof-Schöneberg,Schöneberg,"030 13020-2749, 030 13020-2871",psychiatrie.avk@vivantes.de,https://www.vivantes.de/auguste-viktoria-klinikum/psychiatrie-psychotherapie-und-psychosomatik,nein,Geschlossen,Geschlossen,Geschlossen,Geschlossen,Geschlossen,Geschlossen,Geschlossen,"Termine können vereinbart werden: telefonisch, per Mail",Sprechzeiten der Psychiatrischen Institutsambulanz in Schöneberg: Montag bis Freitag 9:00 Uhr - 12:30 Uhr & 14:00 Uhr - 15:30 Uhr. Tel. (030) 130 20 2871. E-Mail: pia.avk@vivantes.de,52.46296,13.34629,true
266,Sen012,"Klinik für Psychiatrie, Psychotherapie und Psychosomatik",Wenckebach-Klinikum,1,Klinik,"[""L"",1,3,5,6,2,4,10,11,7,9,12,8,15,16,14]",,,Niedrig,Deutsch,Keine Angabe,Pflichtversorgende Klinik,Die Klinik versorgt im Bezirk Tempelhof psychisch kranke und suchtkranke Menschen mit besonders schweren Erkrankungen oder in akuten Notfällen. In allen Berliner Bezirken gibt es an mindestens einem Krankenhaus eine Fachabteilung für Psychiatrie oder ein psychiatrisches Fachkrankenhaus.,Wenckebachstraße,23,,12099,Tempelhof-Schöneberg,Tempelhof,"030 13019-2304 ",psychiatrie.wbk@vivantes.de,https://www.vivantes.de/wenckebach-klinikum/fachbereiche/kliniken/psychiatrie-psychotherapie-und-psychosomatik,nein,Geschlossen,Geschlossen,Geschlossen,Geschlossen,Geschlossen,Geschlossen,Geschlossen,"Termine können vereinbart werden: telefonisch, per Mail",,52.45904,13.38838,true
267,Sen082,Kontakt- und Beratungsstelle,Kinderhilfe e.V.,1,Beratung,"[""L"",16,20]",Kinder & Jugendliche,,Hoch,Deutsch,Keine Angabe,IGPP Handlungsfeld Besondere Bedarfslagen,,Alt-Hermsdorf,38,,13467,Reinickendorf,,030 58582022,info@kinderhilfe-ev.de,https://kinderhilfe-ev.de/projekte-angebote/beratung/,nein,Geschlossen,Geschlossen,Geschlossen,Geschlossen,Geschlossen,Geschlossen,Geschlossen,"Bitte Termin vereinbaren: telefonisch, per Mail",Termine nach Vereinbarung.,52.61599,13.31777,true
268,Sen059,Kontakt- und Beratungsstelle Treptow,ajb gmbh,1,Beratung,"[""L"",1,3,5,6,2]",,,Mittel,Deutsch,Keine Angabe,Kontakt- und Beratungsstelle,,Thomas-Müntzer-Straße,6,,12489,Treptow-Köpenick,,030 6715010,kbs-treptow@ajb-berlin.de,https://ajb-berlin.de/angebote/kontakt-und-beratungsstelle-treptow-koepenick/,nein,10:00 - 18:00,10:00 - 16:00,10:00 - 18:00,10:00 - 18:00,Geschlossen,Geschlossen,Geschlossen,"Termine können vereinbart werden: vor Ort, telefonisch, per Mail",Freitag nach Vereinbarung.,52.43634,13.54526,true
269,Sen100,Sternenkindeltern - Früh verwaiste Eltern,ajb,1,Selbsthilfe,"[""L"",14]",,,Mittel,Deutsch,"Rollstuhlgerechter Zugang, Rollstuhlgerechte Einrichtung",Selbsthilfegruppe,,Puchanstraße,9,Rabenhaus,12555,Treptow-Köpenick,Köpenick,030 6310985,"sternenkindeltern@gmx.de, eigeninitiative@ajb-berlin.de",https://eigeninitiative-berlin.de/eigeninitiative/,nein,19:00 - 21:00,Geschlossen,Geschlossen,Geschlossen,Geschlossen,Geschlossen,Geschlossen,"Bitte Termin vereinbaren: telefonisch, per Mail",Jeden 1. Montag im Monat,52.45464599997221,13.579346555613979,true
270,Sen076,Suchthilfeprojekt NOKTA für Menschen aus verschiedenen Kulturen,ADV - Rehabilitation und Integration gGmbH,1,Beratung,"[""L"",7,9,12,8,18,22,24,13]","Männer, Migration & Flucht, Divers, LSBTIQ*",,Niedrig,"Deutsch, Englisch, Arabisch, Russisch, Türkisch",Keine Angabe,IGPP Handlungsfeld Drogen/Sucht,,Spreetalallee,3b,,14050,Charlottenburg-Wilmersdorf,,030 8620270,nokta@adv-suchthilfe.de,https://www.adv-suchthilfe.de/fachkliniken/adv-nokta/,nein,Geschlossen,Geschlossen,Geschlossen,Geschlossen,Geschlossen,Geschlossen,Geschlossen,"Bitte Termin vereinbaren: telefonisch, per Mail",,52.5241,13.26138,true
271,Sen091,Treffpunkt mit gesundheitlicher Beratung für Frauen und Mädchen mit Migrationshintergrund und/oder Fluchterfahrungen (VAHA),Stiftung SPI,1,Beratung,"[""L"",16,5,1,3,23]",,,Mittel,"Deutsch, Englisch, Türkisch, Arabisch, Kurdisch, weitere Sprachen mit Dolmetschdiensten",Keine Angabe,IGPP Handlungsfeld Besondere Bedarfslagen,"Der Treffpunkt VAHA ist ein offener Treffpunkt mit gesundheitlicher Beratung nur für Frauen  und Mädchen mit Migrationshintergrund und/oder Fluchterfahrung. Wir bieten folgende Angebote an: Psychosoziale und psychologische Beratung, Begleitung ins Berliner Gesundheitssystem, Gruppenangebote, Vernetzung im Berliner Gesundheitssystem",Torfstraße,20,,13353,Mitte,,030 23935708,vaha@stiftung-spi.de,https://www.stiftung-spi.de/service/projekte/detail/vaha,nein,Geschlossen,09:30 - 16:00,09:30 - 16:00,09:30 - 16:00,Geschlossen,Geschlossen,Geschlossen,Keine Anmeldung nötig.,Freitag nach Vereinbarung.,52.54124,13.35032,true
272,654,Zentrum für sexuelle Gesundheit und/oder Familienplanung,Bezirksamt Steglitz-Zehlendorf - Gesundheitsamt -,1,Beratung,"[""L"",14,24,17,13]","Divers, Frauen, LSBTIQ*",,Hoch,"Arabisch, Dari, Deutsch, Englisch, Farsi, Persisch, Polnisch, Rumänisch, Russisch, Spanisch, Ukrainisch, Weitere Sprachen mit Sprachmittlung","Rollstuhlgerechter Zugang, Rollstuhlgerechte Einrichtung",Schwangerschaftsberatungsstellen,"Wir bieten Vorsorgeuntersuchungen und Beratungen für nichtversicherte Frauen an. Wir beraten zu Verhütungsmitteln. Wir schauen,  ob Verhütungsmittel für Sie nichts kosten. Wir bieten Sexualpädagogik für Erwachsene und Jugendliche an. Wir beraten Sie in der Schwangerschaft. Wir beraten Sie im Schwangerschaftskonflikt. Wir beraten Sie bei Problemen in der Beziehung.",Rubensstr.,125,"Haus 30,  4. Stock - Auf dem Gelände des Auguste-Viktoria-Klinikums",12157,Tempelhof-Schöneberg,Schöneberg,030 902991701,zentrum-familienplanung@ba-sz.berlin.de,https://www.berlin.de/ba-steglitz-zehlendorf/politik-und-verwaltung/aemter/gesundheitsamt/zentrum-fuer-familienplanung/artikel.29766.php,nein,09:00 - 12:00,Geschlossen,14:30 - 17:30,09:00 - 12:00,Geschlossen,Geschlossen,Geschlossen,"Termine können vereinbart werden.: vor Ort, telefonisch, per Mail","Offene Sprechstunde ohne Termin zur Kostenübernahme für Verhütungsmittel Montags 9 - 12 Uhr,  Mittwochs 14:30 - 17:30 Uhr,  Donnerstags 9 - 12 Uhr. Für alle weiteren Angebote bitte Termin vereinbaren.",5.24647,13.3471,true
274,655,RealTalk,Deutsches Rotes Kreuz e.V.,1,Online,"[""L"",7,1,6,9,5,4,11,23,8,3,20]",Kinder & Jugendliche,,Mittel,Deutsch,Keine Angabe,Sonstiges,"RealTalk ist eine innovative Peer-to-Peer-Chatberatung für Jugendliche, entwickelt in enger Zusammenarbeit mit Jugendlichen und Schulsozialarbeitenden, und getragen vom Deutschen Roten Kreuz (DRK). Unser Ziel: jungen Menschen eine einfache, vertrauensvolle Möglichkeit zu bieten, über Sorgen und Ã„ngste zu sprechen, ohne Angst vor Bewertungen oder Stigmatisierung. Der Chat funktioniert unkompliziert über eine Plattform, die den Jugendlichen Anonymität garantiert. Einmal pro Woche können sie in einem sicheren Raum mit Peers sprechen - echten, gleichaltrigen Menschen, die wissen, wie es sich anfühlt, durch schwierige Zeiten zu gehen.",,,,,,,keine,realtalk@drk.de,https://realtalk.help/,nein,Geschlossen,18:00 - 20:00,Geschlossen,Geschlossen,Geschlossen,Geschlossen,Geschlossen,Keine Anmeldung nötig.,,,,true
275,"1021
","Kontaktstelle PflegeEngagement Lichtenberg
",Kiezspinne FAS e.V.,1,Beratung,"[""L"",6,5]",,,Mittel,"Deutsch, Englisch","Rollstuhlrechter Zugang, Rollstuhlgerechte Einrichtung",Andere Kontakt- und Beratungsstellen,Wir bieten Unterstützung und Entlastungsgespräche für pflegende An- und Zugehörige. Wir haben verschiedene Gesprächs-und Aktivgruppen (PflegeSelbsthilfe). Unsere Angebote sind kostenfrei.,Schulze-Boysen-Straße,38,,10365,"Pankow
","Lichtenberg
",030 28472395,kpe@kiezspinne.de,www.kpe-lichtenberg.de,nein,"Geschlossen
","13:00 - 15:00
","Geschlossen
","10:00 - 12:00
",Geschlossen,Geschlossen,Geschlossen,Termine können vereinbart werden.,"Selbsthilfe Kontaktstelle Horizont, Ahrenshooper
  Straße 5, 13051 Berlin, jeden 2. Montag im Monat von 10:00 - 12:00 Uhr, bitte
  telefonisch anmelden.",52.50851750301409,13.478998284123938,true
276,1020,Kontaktstelle PflegeEngagement Pankow,Humanistischer Verband Berlin Brandenburg,1,Beratung,"[""L"",6,25]",Angehörige,,Mittel,"Deutsch, Englisch","Rollstuhlrechter Zugang, Rollstuhlgerechte Einrichtung","Andere Kontakt- und Beratungsstellen
","Anlaufstelle für pflegende und sorgende Angehörige. Wir organisieren Pflegeselbsthilfegruppen (z.B. Gesprächsgruppen, bewegungsorientierte Angebote oder Gedächtnistraining), ehrenamtliche Besuchsdienste für hilfebedürftige Menschen und Informationsveranstaltungen","Schönholzer Straße
",10,Stadteilzentrum Pankow - 2. OG,13187,"Pankow
","Pankow
","030 499870911
",kpe-pankow@hve-bb.de,https://humanistisch.de/kpe-pankow,nein,Geschlossen,15:00 - 18:00,Geschlossen,Geschlossen,10:00 - 13:00,Geschlossen,Geschlossen,Termine können vereinbart werden.,,"52.570008527454
","13.399386597003685
",true
277,"1019
",Kontaktstelle Pflegeengagement Tempelhof-Schöneberg,Nachbarschaftsheim Schöneberg e.V.,1,"Beratung
","[""L"",6]",Angebot für Alle,,Niedrig,Deutsch,"Rollstuhlrechter Zugang, Rollstuhlgerechte Einrichtung",Sonstige,"Die Kontaktstelle PflegeEngagement unterstützt pflegende An- und Zugehörige. Wir bieten vertrauliche Gespräche, um die Lebenssituation zu ordnen und vermitteln bei Bedarf an andere Hilfsangebote. Wir unterstützen unter anderem durch: Vermittlung von ehrenamtlichen Besuchsdiensten, Gesprächs- Entspannungs- und Freizeitgruppen und Informationsveranstaltungen.",Holsteinische Straße,30,,12161,Tempelhof-Schöneberg,Schöneberg,030 859951357,pflegeengagement@nbhs.de,https://www.nbhs.de,nein,08:00 - 18:00,08:00 - 18:00,08:00 - 18:00,08:00 - 18:00,08:00 - 18:00,Geschlossen,Geschlossen,Keine Anmeldung nötig.,,52.46648958004598,"13.334438352818617
",true
278,1018,Zentrum für Familienplanung Steglitz-Zehlendorf,Bezirksamt Steglitz-Zehlendorf - Gesundheitsamt -,1,Amt,"[""L"",14,24,17,13]","Divers, Frauen, LSBTIQ*",,Hoch,"Arabisch, Dari, Deutsch, Englisch, Farsi, Persisch, Polnisch, Rumänisch, Russisch, Spanisch, , Türkisch, Serbisch, Französisch, Ukrainisch, Weitere Sprachen mit Sprachmittlung","Rollstuhlrechter Zugang, Rollstuhlgerechte Einrichtung",Zentrum für sexuelle Gesundheit,"Wir bieten Vorsorgeuntersuchungen und Beratungen für nichtversicherte Frauen an. Wir beraten zu Verhütungsmitteln. Wir schauen, ob Verhütungsmittel für Sie nichts kosten.  Wir bieten Sexualpädagogik für Erwachsene und Jugendliche an.  Wir beraten Sie in der Schwangerschaft. Wir beraten Sie im Schwangerschaftskonflikt. Wir beraten Sie bei Problemen in der Beziehung.",Rubensstraße,125,"Haus 30, 4. Stock - Auf dem Gelände des Auguste-Viktoria-Klinikums",12157,Tempelhof-Schöneberg,Schöneberg,030 902991701,zentrum-familienplanung@ba-sz.berlin.de,https://www.berlin.de/ba-steglitz-zehlendorf/politik-und-verwaltung/aemter/gesundheitsamt/zentrum-fuer-familienplanung/artikel.29766.php,nein,09:00 - 12:00,09:00 - 12:00,14:30 - 17:30,09:00 - 12:00,09:00 - 12:00,Geschlossen,Geschlossen,Termine können vereinbart werden.,"Offene Sprechstunde ohne Termin zur Kostenübernahme für Verhütungsmittel Montags 9 - 12 Uhr, Mittwochs 14:30 - 17:30 Uhr, Donnerstags 9 - 12 Uhr. Für alle weiteren Angebote bitte Termin vereinbaren.",52.464516893906,13.347482390905837,true
